0,1,2,3,4,5,6,7,8,9,10,11,12,13,14,15,16,17,18,19,20,21,22,23,24,25,26,27,28,29,30,31,32,33,34,35,36,37,38,39,40,41,42,43,44,45,46,47,48,49,50,51,52,53,54,55,56,57,58,59,60,61,62,63,64,65,66,67,68,69,70,71,72,73,74,75,76,77,78,79,80,81,82,83,84,85,86,87,88,89,90,91,92,93,94,95,96,97,98,99
0.0,0.0,-3.975833327464251e-05,0.0,0.0,0.0,0.0,0.0,2.508972072713102e-05,0.0,-0.010537989784562777,0.0,0.0,0.0,0.0,0.0,0.0,0.0,-0.023743937485735007,0.0,0.0,0.0,0.0,0.0,-3.821058119167255e-05,0.0,3.6688239278942104e-05,0.0,0.0,-0.630482604858385,4.001711728439849e-05,0.0,0.0,0.0,0.0,0.0,0.0,0.0,-3.9130658810162145e-05,0.013118369511322052,3.688011877195934e-05,0.0,0.0,0.6155907307415093,3.7845750475158486e-05,0.0,0.0,0.0,0.0,0.0,0.010158436265260883,0.0,2.7277988469666033e-05,0.0,0.0,0.0,0.0,0.0,0.0,-0.012954441914749086,0.0,0.0,0.0,0.0,0.0,0.0,-3.797636915643118e-05,0.012174836368974323,0.0,0.0,0.0,2.3836559775607537e-05,0.0,-0.6289423517699518,0.0,0.9927538957131805,0.0,0.0,0.0,0.0,0.0,0.0,0.0,0.0,0.0,0.0,0.0,0.0,0.0,0.0,0.0,0.0,0.0,0.0,0.0,0.0,0.0,0.0,0.0,0.0
0.0,0.0,0.0,0.0,0.0,0.0,0.0,0.0,0.0,0.0,0.0,0.0,0.0,0.0,0.0,0.0,0.0,0.0,0.0,0.0,0.0,0.0,0.0,0.0,0.0,0.0,0.0,0.0,0.0,0.0,0.0,0.0,0.0,0.0,0.0,0.0,0.0,0.0,0.0,0.0,0.0,0.0,0.0,0.0,0.0,0.0,0.0,0.0,0.0,0.0,0.0,0.0,0.0,0.0,0.0,0.0,0.0,0.0,0.0,0.0,0.0,0.0,0.0,0.0,0.0,0.0,0.0,0.0,0.0,0.0,0.0,0.0,0.0,0.0,0.0,0.0,0.0,0.0,0.0,0.0,0.0,0.0,0.0,0.0,0.0,0.0,0.0,0.0,0.0,0.0,0.0,0.0,0.0,0.0,0.0,0.0,0.0,0.0,0.0,0.0
-3.7906929983401735e-05,0.0,0.0,0.0,0.0,0.0,0.0,0.0,-2.661298466022944e-05,0.0,0.0,0.0,0.0,0.0,0.0,0.0,0.0,0.0,0.01401304524065593,0.0,0.0,0.0,0.0,0.0,0.0,0.0,-3.891565283628556e-05,0.0,0.0,3.9016434282282066e-05,-0.634560090439274,0.0,0.0,3.2386917313723785e-05,-3.217959875917996e-05,0.010681626987923866,0.0,0.0,0.6250508528566807,-0.992094011918366,0.0,0.0,0.0,-8.287431689383858e-05,-4.0143435941797504e-05,-0.010758839528843695,0.010891795692075159,0.0,0.0,0.0,0.0,0.0,0.0,0.0,-1.0748742858287298e-16,0.0,0.0,0.0,0.0,0.0,-7.543719680278735e-06,0.0,0.0,0.0,0.0,-3.3610352286294325e-05,4.0281984405259886e-05,-0.0128120880694666,0.0,0.0,0.0,-2.5283742885086954e-05,3.2002477884953495e-05,0.638609462581568,0.0,-0.013261522676838155,0.0,0.0,0.0,0.0,0.0,0.0,0.0,0.0,0.0,0.0,0.0,0.0,0.0,0.0,0.0,0.0,0.0,0.0,0.0,0.0,0.0,0.0,0.0,0.0
0.0,0.0,0.0,0.0,0.0,0.0,0.0,0.0,0.0,0.0,0.0,0.0,0.0,0.0,0.0,0.0,0.0,0.0,0.0,0.0,0.0,0.0,0.0,0.0,0.0,0.0,0.0,0.0,0.0,0.0,0.0,0.0,0.0,0.0,0.0,0.0,0.0,0.0,0.0,0.0,0.0,0.0,0.0,0.0,0.0,0.0,0.0,0.0,0.0,0.0,0.0,0.0,0.0,0.0,0.0,0.0,0.0,0.0,0.0,0.0,0.0,0.0,0.0,0.0,0.0,0.0,0.0,0.0,0.0,0.0,0.0,0.0,0.0,0.0,0.0,0.0,0.0,0.0,0.0,0.0,0.0,0.0,0.0,0.0,0.0,-0.9932173163002427,0.0,0.0,0.0,0.0,0.0,0.0,0.0,0.0,0.0,0.0,0.0,0.0,0.0,0.0
0.0,0.0,0.0,0.0,0.0,0.0,0.0,0.0,0.0,0.0,0.0,0.0,0.0,0.0,0.0,0.0,-2.2076953752417856e-05,0.0,0.0,0.6622647305330318,0.0,0.0,0.0,0.0,0.0,0.0,0.0,0.0,0.0,0.0,0.0,0.0,0.0,0.0,0.0,0.0,0.0,0.0,0.0,0.0,0.0,0.0,0.0,0.0,0.0,0.0,0.0,0.0,0.0,0.0,0.0,0.0,0.0,0.0,0.0,0.0,0.0,0.0,0.0,0.0,0.0,0.0,0.0,0.0,0.7616805046825682,0.0,-3.509828856269571e-05,0.0,0.0,0.0,2.2743269819884204e-05,0.0,0.0,0.0,0.0,0.0,0.0,0.0,0.0,0.0,0.0,0.0,0.0,0.0,0.0,0.0,0.0,0.0,0.0,0.0,0.0,0.0,-0.012279497025317256,0.0,-3.399210749717464e-05,0.0,-0.9927529333511917,0.9922252053660041,0.012741613850700679,0.0
0.0,0.0,0.0,0.0,0.0,0.0,0.0,0.0,0.0,0.0,0.0,0.0,0.0,0.0,0.0,0.0,0.0,0.0,0.0,0.0,0.0,0.0,0.0,0.0,0.0,0.0,0.0,0.0,0.0,0.0,0.0,0.0,0.0,0.0,0.0,0.0,-0.9921462465391216,0.0,0.0,0.0,0.0,0.0,0.0,0.0,0.0,0.0,0.0,0.0,0.0,0.0,0.0,0.0,0.0,0.0,0.0,0.0,0.0,0.0,0.0,0.0,0.0,0.0,0.0,0.0,0.0,0.0,0.0,0.0,0.0,0.0,0.0,0.0,0.0,0.0,0.0,0.0,0.0,0.0,0.0,0.0,0.0,0.0,0.0,0.0,0.0,0.0,0.0,0.0,0.0,0.0,0.0,0.0,0.0,0.0,0.0,0.0,0.0,0.0,0.0,0.0
0.0,0.0,0.0,0.0,0.0,0.0,0.0,0.0,0.0,0.0,0.0,0.0,0.0,0.0,0.0,0.0,0.0,0.0,0.0,0.0,0.0,0.0,0.0,0.0,0.0,0.0,0.0,0.0,0.0,0.0,0.0,0.0,0.0,0.0,0.0,0.0,0.0,0.0,0.0,0.0,0.0,0.0,0.0,0.0,0.0,0.0,0.0,0.0,0.0,0.0,0.0,0.0,0.0,0.0,0.0,0.0,0.0,0.0,0.0,0.0,0.0,0.0,0.0,0.0,0.0,0.0,0.0,0.0,0.0,0.0,0.0,0.0,0.0,0.0,0.0,0.0,0.0,0.0,0.0,0.0,0.0,0.0,0.0,0.0,0.0,0.0,0.0,0.0,0.0,0.0,0.0,0.0,0.0,0.0,0.0,0.0,0.0,0.0,0.0,0.0
0.0,0.0,0.0,0.0,0.0,0.0,0.0,0.0,0.0,0.0,0.0,0.0,0.0,0.0,0.0,0.0,0.0,0.0,0.0,0.0,0.0,0.0,0.0,0.0,0.0,0.0,0.0,0.0,0.0,0.0,0.0,0.0,0.0,0.0,0.0,0.0,0.0,0.0,0.0,0.0,0.0,0.0,0.0,0.0,0.0,0.0,0.0,0.0,0.0,0.0,0.0,0.0,0.0,0.0,0.0,0.0,0.0,0.0,0.0,0.0,0.0,0.0,0.0,0.0,0.0,0.0,0.0,0.0,0.0,0.0,0.0,0.0,0.0,0.0,0.0,0.0,0.0,0.0,0.0,0.0,0.0,0.0,0.0,0.0,0.0,0.0,0.0,0.0,0.0,0.0,0.0,0.0,0.0,0.0,0.0,0.0,0.0,0.0,0.0,0.0
2.995139284124157e-05,0.0,-3.332148428461133e-05,0.0,0.0,0.0,0.0,0.0,0.0,0.0,-2.013225095603343e-06,0.0,0.0,0.0,-0.009648939032512072,0.0,-1.8792660778072804e-05,0.0,-0.011079014298577371,2.7989877311896737e-05,0.0,0.0,0.0,0.0,-0.00047254708970017234,0.0,0.5666701284453202,0.0,0.0,-3.082805236639155e-05,3.3538372732201626e-05,0.0,0.0,-2.925868995067402e-05,0.0,0.0,0.0,0.0,-6.107463696438645e-05,0.01091324138063083,0.0,0.0,0.0,6.548208069767645e-05,0.5819243497377874,0.009711972354106733,0.0,0.0,0.0,0.0,0.0,0.0,0.0,0.0,0.9757071575256295,0.0,-0.010540257768926533,0.0,0.0,0.0,0.0,0.0,0.0,0.0,0.0,0.5568294209222944,-0.5794097948598286,0.976090967870348,0.0,0.0,1.935985380362956e-05,0.020892251890923502,-2.89113821561128e-05,-0.5786196208091375,0.0,0.010483093497626706,0.0,0.0,0.0,0.0,-0.00827410841718442,-1.9704428567599485e-06,0.00044059791964007366,-0.5564931632667531,0.0,0.0,0.0,0.0,0.0,0.0,0.0,0.0,-0.010342007292970424,0.0,-2.893529989838725e-05,0.0,0.0,0.0,0.0,0.0
0.0,0.0,0.0,0.0,0.0,0.0,0.0,0.0,0.0,0.0,0.0,0.0,0.0,0.0,0.0,0.0,0.0,0.0,0.0,0.0,0.0,0.0,0.0,0.0,0.0,0.0,0.0,0.0,0.0,0.0,0.0,0.0,0.0,0.0,0.0,0.0,0.0,0.0,0.0,0.0,0.0,0.0,0.0,0.0,0.0,0.0,0.0,0.0,0.0,0.0,0.0,0.0,0.0,0.0,0.0,0.0,0.0,0.0,0.0,0.0,0.0,0.0,0.0,0.0,0.0,0.0,0.0,0.0,0.0,0.0,0.0,0.0,0.0,0.0,0.0,0.0,0.0,0.0,0.0,0.0,0.0,0.0,0.0,0.0,0.0,0.0,0.0,0.0,0.0,0.0,0.0,0.0,0.0,0.0,0.0,0.0,0.0,0.0,0.0,0.0
-0.012084013508390815,0.0,0.0,0.0,0.0,0.0,0.0,0.0,-1.936878483598203e-06,0.0,0.0,0.0,0.0,0.0,0.0,0.0,0.0,0.0,0.6594819272486027,0.0,0.0,0.0,0.0,0.0,0.994197347878236,0.0,-3.587613788693415e-05,0.0,0.0,0.012384963752418906,0.0,0.0,0.0,0.0,0.0,0.0,0.0,0.0,0.0,-9.407018712908934e-05,0.0,0.0,0.0,-0.9936417463490274,-3.700802829330214e-05,0.0,0.0,0.0,0.0,0.0,-0.64791460982365,0.0,-0.011588765751131175,0.0,0.0121766564638106,0.0,0.0,0.0,0.0,4.064411944772016e-05,0.0,0.0,0.0,0.0,0.0,3.459612782783745e-05,3.7135755815078875e-05,-0.011978187980878355,0.0,0.0,0.0,-0.7380110159874398,0.0,0.027507205733632408,0.0,-0.6455568948863089,0.0,0.0,0.0,0.0,0.0,0.7403740321090029,-0.019180092891114844,-3.294383515704653e-05,0.0,0.0,0.0,0.0,0.0,0.0,0.0,0.0,0.0,0.0,0.0,0.0,0.0,0.0,0.0,0.0
0.0,0.0,0.0,0.0,0.0,0.0,0.0,0.0,0.0,0.0,0.0,0.0,0.0,0.0,0.0,0.0,0.0,0.0,0.0,0.0,0.0,0.0,0.0,0.0,0.0,0.0,0.0,0.0,0.0,0.0,0.0,0.0,0.0,0.0,0.0,0.0,0.0,0.0,0.0,0.0,0.0,0.0,0.0,0.0,0.0,0.0,0.0,0.0,0.0,0.0,0.0,0.0,0.0,0.0,0.0,0.0,0.0,0.0,0.0,0.0,0.0,0.0,0.0,0.0,0.0,0.0,0.0,0.0,0.0,0.0,0.0,0.0,0.0,0.0,0.0,0.0,0.0,0.0,0.0,0.0,0.0,0.0,0.0,0.0,0.0,0.0,0.0,0.0,0.0,0.0,0.0,0.0,0.0,0.0,0.0,0.0,0.0,0.0,0.0,0.0
0.0,0.0,0.0,0.0,0.0,0.0,0.0,0.0,0.0,0.0,0.0,0.0,0.0,0.0,0.0,0.0,0.0,0.0,0.0,0.0,0.0,0.0,0.0,0.0,0.0,0.0,0.0,0.0,0.0,0.0,0.0,0.0,0.0,0.0,0.0,0.0,0.0,0.0,0.0,0.0,0.0,0.0,0.0,0.0,0.0,0.0,0.0,0.0,0.0,0.0,0.0,0.0,0.0,0.0,0.0,0.0,0.0,0.0,0.0,0.0,0.0,0.0,0.0,0.0,0.0,0.0,0.0,0.0,0.0,0.0,0.0,0.0,0.0,0.0,0.0,0.0,0.0,0.0,0.0,0.0,0.0,0.0,0.0,0.0,0.0,0.0,0.0,0.0,0.0,0.0,0.0,0.0,0.0,0.0,0.0,0.0,0.0,0.0,0.0,0.0
0.0,0.0,0.0,0.0,0.0,0.0,0.0,0.0,0.0,0.0,0.0,0.0,0.0,0.0,0.0,0.0,0.0,0.0,0.0,0.0,0.0,0.0,0.0,0.0,0.0,0.0,0.0,0.0,0.0,0.0,0.0,0.0,0.0,0.0,0.0,0.0,0.0,0.0,0.0,0.0,0.0,0.0,0.0,0.0,0.0,0.0,0.0,0.0,0.0,0.0,0.0,0.0,0.0,0.0,0.0,0.0,0.0,0.0,0.0,0.0,0.0,0.0,0.0,0.0,0.0,0.0,0.0,0.0,0.0,0.0,0.0,0.0,0.0,0.0,0.0,0.0,0.0,0.0,0.0,0.0,0.0,0.0,0.0,0.0,0.0,0.0,0.0,0.0,0.0,0.0,0.0,0.0,0.0,0.0,0.0,0.0,0.0,0.0,0.0,0.0
0.0,0.0,0.0,0.0,0.0,0.0,0.0,0.0,-0.00719961065978413,0.0,0.0,0.0,0.0,0.0,0.0,0.0,0.0,0.0,0.0,0.0,0.0,0.0,0.0,0.0,-2.157436313237706e-05,0.0,0.6399266856926986,0.0,0.0,0.0,0.0,6.729087250563099e-05,0.0,0.012164601606472463,0.0,3.2910020311420834e-05,0.0,0.0,0.011740314811363553,-3.2801356082627136e-05,0.0,0.0,0.0,0.0,3.6849477109661694e-05,-0.6357412228073085,3.256961885062976e-05,0.0,0.0,0.0,0.0,0.0,0.0,0.0,-0.6245729040352138,0.0,0.0,0.0,0.0,0.0,0.0,0.0,0.0,0.0,0.0,-0.9922959323896232,-3.69766523213395e-05,0.011766548416161903,0.0,0.0,0.0,0.006856784920527804,0.01209120206681018,-3.719409514794194e-05,0.0,0.0,0.0,0.0,0.0,0.0,2.917839906774318e-05,0.0,1.988529509987932e-05,0.010489538870288917,0.0,0.0,0.0,0.0,0.0,0.0,0.0,0.0,0.0,0.0,0.0,0.0,0.0,0.0,0.0,0.0
0.0,0.0,0.0,0.0,0.0,0.0,0.0,0.0,0.0,0.0,0.0,0.0,0.0,0.0,0.0,0.0,0.0,0.0,0.0,0.0,0.0,0.0,0.0,0.0,0.0,0.0,0.0,0.0,0.0,0.0,0.0,0.0,0.0,0.0,0.0,0.0,0.0,0.0,0.0,0.0,0.0,0.0,0.0,0.0,0.0,0.0,0.0,0.0,0.0,0.0,0.0,0.0,0.0,0.0,0.0,0.0,0.0,0.0,0.0,0.0,0.0,0.0,0.0,0.0,0.0,0.0,0.0,0.0,0.0,0.0,0.0,0.0,0.0,0.0,0.0,0.0,0.0,0.0,0.0,0.9932028882558326,0.0,0.0,0.0,0.0,0.0,0.0,0.0,0.0,0.0,0.0,0.646691160913321,0.0,0.0,0.0,0.0,0.0,0.0,0.0,0.0,0.0
0.0,0.0,0.0,0.0,-2.0872827927686755e-05,0.0,0.0,0.0,-1.4024899257677213e-05,0.0,0.0,0.0,0.0,0.0,0.0,0.0,0.0,0.0,0.0,-0.4782459058876506,0.0,0.0,0.0,0.0,0.0,0.0,-2.050845832267659e-05,0.0,0.0,0.0,0.0,0.0,0.0,0.0,-0.6063074985899599,0.6076386850970846,0.0,0.0,0.010415034043404334,-7.430321791413106e-06,0.0,0.0,0.0,0.0,-2.1155509443433266e-05,-2.9412054300678502e-05,2.951456488649492e-05,0.0,0.0,0.0,0.0,0.0,0.0,0.0,0.0,0.0,0.007341421226717858,0.0,0.0,0.0,-0.9913203043410992,0.0,0.0,0.0,0.0,0.0,0.49339076628230516,-0.006837127563795352,-0.992094584960713,0.0,-0.9876479494651638,-1.3324387639690719e-05,0.0,2.088131615817382e-05,0.0,0.0,0.0,0.0,0.0,0.0,0.0,0.0,0.0,0.0,0.0,0.0,0.0,0.0,0.0,0.0,0.0,0.0,0.9875374500859767,0.0,0.4895658599375895,0.0,0.006230113317671465,0.0,-0.006042815946145369,0.0
0.0,0.0,0.0,0.0,0.0,0.0,0.0,0.0,0.0,0.0,0.0,0.0,0.0,0.0,0.0,0.0,0.0,0.0,0.0,0.0,0.0,0.0,0.0,0.0,0.0,0.0,0.0,0.0,0.0,0.0,0.0,0.0,0.0,0.0,0.0,0.0,0.0,0.0,0.0,0.0,0.0,0.0,0.0,0.0,0.0,0.0,0.0,0.0,0.0,0.0,0.0,0.0,0.0,0.0,0.0,0.0,0.0,0.0,0.0,0.0,0.0,0.0,0.0,0.0,0.0,0.0,0.0,0.0,0.0,0.0,0.0,0.0,0.0,0.0,0.0,0.0,0.0,0.0,0.0,0.0,0.0,0.0,0.0,0.0,0.0,0.0,0.0,0.0,0.0,0.0,0.0,0.0,0.0,0.0,0.0,0.0,0.0,0.0,0.0,0.0
-0.02674483005088969,0.0,0.016563126949307148,0.0,0.0,0.0,0.0,0.0,-0.0104920540956602,0.0,0.6557967630740709,0.0,0.0,0.0,0.0,0.0,0.0,0.0,0.0,0.0,0.0,0.0,0.0,0.0,0.016027945848552976,0.0,-0.015246942904156522,0.0,0.0,0.027400617901132192,-0.016664896214168546,0.0,0.0,0.0,0.0,4.605410276318735e-05,0.0,0.0,0.01617784086121092,-0.6998208769801815,0.0,0.0,0.0,-0.9936421800703036,-0.0157520378162695,-4.542400894204896e-05,4.55823332054264e-05,0.0,0.0,0.0,-0.647918218375261,0.0,-0.011588765751131175,0.0,-4.739866447656307e-06,0.0,5.1109583384294785e-05,0.0,0.0,9.144462289976068e-05,0.0,0.0,0.0,0.0,0.0,5.075634433591918e-05,0.015715163783247804,-0.6836533074257309,0.0,0.0,0.0,-0.009986935039898176,0.0,0.9939593206373247,0.0,-0.8032655601274813,0.0,0.0,0.0,0.0,0.0,6.129846390970852e-05,-2.930009773346171e-05,0.0,0.0,0.0,0.0,0.0,0.0,0.0,0.0,0.0,5.058080573060952e-05,0.0,0.0,0.0,0.0,0.0,0.0,0.0
0.0,0.0,0.0,0.0,0.6633954328968836,0.0,0.0,0.0,2.2205908820545362e-05,0.0,0.0,0.0,0.0,0.0,0.0,0.0,-0.49351918198065337,0.0,0.0,0.0,0.0,0.0,0.0,0.0,0.0,0.0,3.247133721435361e-05,0.0,0.0,0.0,0.0,0.0,0.0,0.0,1.7438271357958186e-05,-1.7674169082671804e-05,0.0,0.0,0.0,-1.1390856668313448e-16,0.0,0.0,0.0,0.0,3.349580992330388e-05,0.0,0.0,0.0,0.0,0.0,0.0,0.0,0.0,0.0,0.0,0.0,-0.011557030256621192,0.0,0.0,0.0,0.00594485853321547,0.0,0.0,0.0,7.140836544465806e-05,0.0,-0.6057460544582998,0.01076680277860018,0.006017053477825006,0.0,0.500011233011569,2.109678312024944e-05,0.0,-3.380907804350154e-05,0.0,0.0,0.0,0.0,0.0,0.0,0.0,0.0,0.0,0.0,0.0,0.0,0.0,0.0,0.0,0.0,0.0,0.0,-0.9920412287150925,0.0,-0.6020936870667729,0.0,-0.992669711257251,0.012288855565406548,0.9925448767063162,0.0
0.0,0.0,0.0,0.0,0.0,0.0,0.0,0.0,0.0,0.0,0.0,0.0,0.0,0.0,0.0,0.0,0.0,0.0,0.0,0.0,0.0,0.0,0.0,0.0,0.0,0.0,0.0,0.0,0.0,0.0,0.0,0.0,0.0,0.0,0.0,0.0,0.0,0.0,0.0,0.0,0.0,0.0,0.0,0.0,0.0,0.0,0.0,0.0,0.0,0.0,0.0,0.0,0.0,0.0,0.0,0.0,0.0,0.0,0.0,0.0,0.0,0.0,0.0,0.0,0.0,0.0,0.0,0.0,0.0,0.0,0.0,0.0,0.0,0.0,0.0,0.0,0.0,0.0,0.0,0.0,0.0,0.0,0.0,0.0,0.0,0.0,0.0,0.0,0.0,0.0,0.0,0.0,0.0,0.0,0.0,0.0,0.0,0.0,0.0,0.0
0.0,0.0,0.0,0.0,0.0,0.0,0.0,0.0,0.0,0.0,0.0,0.0,0.0,0.0,0.0,0.0,0.0,0.0,0.0,0.0,0.0,0.0,0.0,0.0,0.0,0.0,0.0,0.0,0.0,0.0,0.0,0.0,0.0,0.0,0.0,0.0,0.0,0.0,0.0,0.0,0.0,0.0,0.0,0.0,0.0,0.0,0.0,0.0,0.0,0.0,0.0,0.0,0.0,0.0,0.0,0.0,0.0,0.0,0.0,0.0,0.0,0.0,0.0,0.0,0.0,0.0,0.0,0.0,0.0,0.0,0.0,0.0,0.0,0.0,0.0,0.0,0.0,0.0,0.0,0.0,0.0,0.0,0.0,0.0,0.0,0.0,0.0,0.0,0.0,0.0,0.0,0.0,0.0,0.0,0.0,0.0,0.0,0.0,0.0,0.0
0.0,0.0,0.0,0.0,0.0,0.0,0.0,0.0,0.0,0.0,0.0,0.0,0.0,0.0,0.0,0.0,0.0,0.0,0.0,0.0,0.0,0.0,0.0,0.0,0.0,0.0,0.0,0.0,0.0,0.0,0.0,0.0,0.0,0.0,0.0,0.0,0.0,0.0,0.0,0.0,0.0,0.0,0.0,0.0,0.0,0.0,0.0,0.0,0.0,0.0,0.0,0.0,0.0,0.0,0.0,0.0,0.0,0.0,0.0,0.0,0.0,0.0,0.0,0.0,0.0,0.0,0.0,0.0,0.0,0.0,0.0,0.0,0.0,0.0,0.0,0.0,0.0,0.0,0.0,0.0,0.0,0.0,0.0,0.0,0.0,0.0,0.0,0.0,0.0,0.0,0.0,0.0,0.0,0.0,0.0,0.0,0.0,0.0,0.0,0.0
0.0,0.0,0.0,0.0,0.0,0.0,0.0,0.0,0.0,0.0,0.0,0.0,0.0,0.0,0.0,0.0,0.0,0.0,0.0,0.0,0.0,0.0,0.0,0.0,0.0,0.0,0.0,0.0,0.0,0.0,0.0,0.0,0.0,0.0,0.0,0.0,0.0,0.0,0.0,0.0,0.0,0.0,0.0,0.0,0.0,0.0,0.0,0.0,0.0,0.0,0.0,0.0,0.0,0.0,0.0,0.0,0.0,0.0,0.0,0.0,0.0,0.0,0.0,0.0,0.0,0.0,0.0,0.0,0.0,0.0,0.0,0.0,0.0,0.0,0.0,0.0,0.0,0.0,0.0,0.0,0.0,0.0,0.0,0.0,0.0,0.0,0.0,0.0,0.0,0.0,0.0,0.0,0.0,0.0,0.0,0.0,0.0,0.0,0.0,0.0
-5.092079046118561e-05,0.0,0.0,0.0,0.0,0.0,0.0,0.0,-0.0005267516186406784,0.0,0.9949951573507393,0.0,0.0,0.0,-3.235799321988378e-05,0.0,0.0,0.0,0.018850512847875128,0.0,0.0,0.0,0.0,0.0,0.0,0.0,-0.01061934017647885,0.0,0.0,5.2411179663337766e-05,0.0,0.0,0.0,0.0,0.0,0.0,0.0,0.0,0.0,-3.735629255425062e-05,0.0,0.0,0.0,-0.7378412102602399,-0.010939453430571988,3.287152207866572e-05,0.0,0.0,0.0,0.0,-0.017853124641794012,0.0,-4.858404772668239e-05,0.0,0.6030973987458874,0.0,3.538076257710999e-05,0.0,0.0,0.0,0.0,0.0,0.0,0.0,0.0,0.010241867612918563,0.010913616960053933,-0.5955033992143953,0.0,0.0,0.0,-0.9948400477472236,0.0,0.011051349449749923,0.0,-0.017844702913658046,0.0,0.0,0.0,0.0,-2.741232102470834e-05,0.9949668322620281,-0.7121558213052075,-0.009800367578810735,0.0,0.0,0.0,0.0,0.0,0.0,0.0,0.0,3.501470896026822e-05,0.0,0.0,0.0,0.0,0.0,0.0,0.0
0.0,0.0,0.0,0.0,0.0,0.0,0.0,0.0,0.0,0.0,0.0,0.0,0.0,0.0,0.0,0.0,0.0,0.0,0.0,0.0,0.0,0.0,0.0,0.0,0.0,0.0,0.0,0.0,0.013399382822956869,0.0,0.0,0.6740413694217194,0.9924868770036137,0.02643666418596824,0.0,0.0,0.0,0.0,0.0,0.0,0.0,0.0,0.0,0.0,0.0,-7.758930962361824e-05,0.0,0.0,0.0,0.0,0.0,0.0,0.0,0.0,0.0,0.0,0.0,0.0,0.0,0.0,0.0,0.0,0.0,0.0,0.0,0.0,0.0,0.0,0.0,0.0,0.0,0.0,0.0,0.0,0.0,0.0,0.0,0.0,0.0,0.0,0.0,0.0,0.0,0.0,0.0,0.0,0.0,0.0,0.0,0.0,0.0,0.0,0.0,0.0,0.0,0.0,0.0,0.0,0.0,0.0
3.912968632840427e-05,0.0,-4.3532462359513797e-05,0.0,0.0,0.0,0.0,0.0,0.5396131835215838,0.0,-3.331615035543378e-05,0.0,0.0,0.0,0.6808455634752865,0.0,-2.455156059072698e-05,0.0,-0.014404905047908704,3.656710670308993e-05,0.0,0.0,0.0,0.0,-0.00851698931882099,0.0,0.0,0.0,0.0,-4.027497824666937e-05,4.381581081617363e-05,8.248433232617411e-05,0.0,0.014816745385203183,0.0,4.034101543444661e-05,0.0,0.0,0.014258356411746272,0.01414964104393994,0.0,0.0,0.0,8.554745325533254e-05,0.6469649101982373,-0.6795419537287547,3.992375529717434e-05,0.0,0.0,0.0,0.0,0.0,0.0,0.0,-0.3855633534288032,0.0,-0.01370677870986823,0.0,0.0,0.0,0.0,0.0,0.0,0.0,0.0,-0.9935105867828156,-0.6445901921092536,0.9924248231476639,0.0,0.0,2.529256217004463e-05,0.5322071277850655,0.014727892186046174,-0.6438481236056257,0.0,0.013632449606731668,0.0,0.0,0.0,0.0,3.5765420940087265e-05,-3.26081513485513e-05,0.00793238071538792,0.012600493529406388,0.0,0.0,0.0,0.0,0.0,0.0,0.0,0.0,-0.013449603403668879,0.0,-3.780223401951664e-05,0.0,0.0,0.0,0.0,0.0
0.0,0.0,0.0,0.0,0.0,0.0,0.0,0.0,0.0,0.0,0.0,0.0,0.0,0.0,0.0,0.0,0.0,0.0,0.0,0.0,0.0,0.0,0.0,0.0,0.0,0.0,0.0,0.0,0.0,0.0,0.0,0.0,0.0,0.0,0.0,0.0,0.0,0.0,0.0,0.0,0.0,0.0,0.0,0.0,0.0,0.0,0.0,0.0,0.0,0.0,0.0,0.0,0.0,0.0,0.0,0.0,0.0,0.0,0.0,0.0,0.0,0.0,0.0,0.0,0.0,0.0,0.0,0.0,0.0,0.0,0.0,0.0,0.0,0.0,0.0,0.0,0.0,0.0,0.0,0.0,0.0,0.0,0.0,0.0,0.0,0.0,0.0,0.0,0.0,0.0,0.0,0.0,0.0,0.0,0.0,0.0,0.0,0.0,0.0,0.0
0.0,0.0,0.0,0.0,0.0,0.0,0.0,0.0,0.0,0.0,0.0,0.0,0.0,0.0,0.0,0.0,0.0,0.0,0.0,0.0,0.0,0.0,0.0,0.0,0.0,0.015103701687075572,0.0,0.0,0.0,0.0,0.0,0.9926666155280013,0.633981106732805,0.7639360283909951,0.0,0.0,0.0,0.0,6.264953435712858e-05,0.0,0.0,0.0,0.0,0.0,0.0,-0.021500268526593088,0.0,0.0,0.0,0.0,0.0,0.0,0.0,0.0,0.0,0.0,0.0,0.0,0.0,0.0,0.0,0.0,0.0,0.0,0.0,-6.726348482149024e-05,0.0,0.0,0.0,0.0,0.0,0.0,6.404579258069305e-05,0.0,0.0,0.0,0.0,0.0,0.0,0.0,0.0,0.0,0.0,0.0,0.0,0.0,0.0,0.0,0.0,0.0,0.0,0.0,0.0,0.0,0.0,0.0,0.0,0.0,0.0,0.0
-0.6614450919951028,0.0,4.685770296931742e-05,0.0,0.0,0.0,0.0,0.0,-2.956989551766693e-05,0.0,0.012348232973712852,0.0,0.0,0.0,0.0,0.0,0.0,0.0,0.027758926560251015,0.0,0.0,0.0,0.0,0.0,4.5033591983087774e-05,0.0,-4.323942729694896e-05,0.0,0.0,0.0,-4.7162694064708145e-05,0.0,0.0,0.0,0.0,0.0,0.0,0.0,4.611795420007718e-05,-0.015364139186857985,-0.671058720862484,0.0,0.0,-0.6515213444545637,-4.460361876402468e-05,0.0,0.0,0.0,0.0,0.0,-0.011904341807996531,0.0,-3.21489012397442e-05,0.0,0.0,0.0,0.0,0.0,0.0,0.9939727617041122,0.0,0.0,0.0,0.0,0.0,0.0,4.475756012549937e-05,-0.014261397927205635,0.0,0.0,0.0,-2.8092968728447043e-05,0.0,0.6642975530985705,0.0,-0.9937390401740352,0.0,0.0,0.0,0.0,0.0,0.0,0.0,0.0,0.0,0.0,0.0,0.0,0.0,0.0,0.0,0.0,0.0,0.0,0.0,0.0,0.0,0.0,0.0,0.0
4.146055732779561e-05,0.0,-0.6536091337732294,0.0,0.0,0.0,0.0,0.0,2.9107879348927537e-05,0.0,0.0,0.0,0.0,0.0,0.0,0.0,0.0,0.0,-0.015302755120448264,0.0,0.0,0.0,0.0,0.0,0.0,0.0,4.256384000227774e-05,0.0,0.0,-4.267406890348234e-05,0.0,0.0,0.0,-3.542308325777183e-05,3.5119842348350875e-05,-0.01164304401808086,0.0,0.0,-0.6456592393436618,0.9927281116525439,0.0,0.0,0.0,9.064307985411282e-05,4.3906717820786924e-05,0.011752608131370579,-0.011897724594249183,0.0,0.0,0.0,0.0,0.0,0.0,0.0,0.0,0.0,0.0,0.0,0.0,0.0,7.697824393668307e-06,0.0,0.0,0.0,0.0,3.676120697965285e-05,-4.4058254060131396e-05,0.013992792329579092,0.0,0.0,0.0,2.765402823078222e-05,-3.500260517065239e-05,-0.6588800173565725,0.0,0.014483066003202018,0.0,0.0,0.0,0.0,0.0,0.0,0.0,0.0,0.0,0.0,0.0,0.0,0.0,0.0,0.0,0.0,0.0,0.0,0.0,0.0,0.0,0.0,0.0,0.0
0.0,0.0,0.0,0.0,0.0,0.0,0.0,0.0,0.0,0.0,0.0,0.0,0.0,0.0,7.1589040479658e-05,0.0,0.0,0.0,0.0,0.0,0.0,0.0,0.0,0.0,0.0,0.6885070193631694,7.310649505274961e-05,0.0,0.9922564800119141,0.0,0.0,0.0,0.9926240421587772,0.996035492747851,0.0,5.94035733236093e-05,0.0,0.0,0.020924843510611565,-5.9207436312176646e-05,0.0,0.0,0.0,0.0,0.0,-0.7575903334431915,5.8789154592010595e-05,0.0,0.0,0.0,0.0,0.0,0.0,0.0,-6.935594852752985e-05,0.0,0.0,0.0,0.0,0.0,0.0,0.0,0.0,0.0,0.0,-0.02237453050432502,0.0,0.0,0.0,0.0,0.0,0.0,0.021544796277381522,0.0,0.0,0.0,0.0,0.0,0.0,0.0,0.0,0.0,0.0,0.0,0.0,0.0,0.0,0.0,0.0,0.0,0.0,0.0,0.0,0.0,0.0,0.0,0.0,0.0,0.0,0.0
0.0,0.0,0.0,0.0,0.0,0.0,0.0,0.0,0.0,0.0,0.0,0.0,0.0,0.0,0.0,0.0,0.0,0.0,0.0,0.0,0.0,0.0,0.0,0.0,0.0,0.9950002904489753,0.0,0.0,0.6979752493058277,0.0,0.0,0.9947554065699077,0.0,0.8208944297143612,0.0,0.0,0.0,0.0,8.988601393995347e-05,0.0,0.0,0.0,0.0,0.0,0.0,-0.03040136161858848,0.0,0.0,0.0,0.0,0.0,0.0,0.0,0.0,0.0,0.0,0.0,0.0,0.0,0.0,0.0,0.0,0.0,0.0,0.0,-9.650565591482399e-05,0.0,0.0,0.0,0.0,0.0,0.0,9.18892306076466e-05,0.0,0.0,0.0,0.0,0.0,0.0,0.0,0.0,0.0,0.0,0.0,0.0,0.0,0.0,0.0,0.0,0.0,0.0,0.0,0.0,0.0,0.0,0.0,0.0,0.0,0.0,0.0
0.0,0.0,3.3734546601177466e-05,0.0,0.0,0.0,0.0,0.0,-2.4340483156478402e-05,0.0,0.0,0.0,0.0,0.0,0.013576982488519795,0.0,0.0,0.0,0.0,0.0,0.0,0.0,0.0,0.0,0.0,0.02959153980373271,0.013810553344100506,0.0,0.762946764016907,0.0,-3.3954123566537794e-05,0.9962256894323958,0.7735736104272167,0.0,-3.3885174518257964e-05,0.01124831201207771,0.0,0.0,0.6318515217412748,-0.011111172517758774,0.0,0.0,0.0,0.0,0.0,-0.9928126247502813,0.011202575539180488,0.0,0.0,0.0,0.0,0.0,0.0,0.0,-0.013038424163551953,0.0,0.0,0.0,0.0,0.0,-3.4035932605501446e-05,0.0,0.0,0.0,0.0,-0.6468138217555027,0.0,4.067929600069154e-05,0.0,0.0,0.0,2.3124743647904453e-05,0.641237293923336,3.545057632461841e-05,0.0,0.0,0.0,0.0,0.0,0.0,0.0,0.0,0.0,3.54848672567561e-05,0.0,0.0,0.0,0.0,0.0,0.0,0.0,0.0,0.0,0.0,0.0,0.0,0.0,0.0,0.0,0.0
0.0,0.0,-3.3933902306450675e-05,0.0,0.0,0.0,0.0,0.0,0.0,0.0,0.0,0.0,0.0,0.0,0.0,0.0,-0.6350660690096277,0.0,0.0,1.8536316258371498e-05,0.0,0.0,0.0,-1.1302500345768618e-16,0.0,0.0,0.0,0.0,0.0,0.0,3.4149533054292934e-05,0.0,0.0,-3.434969336417499e-05,0.0,-0.9931596406040789,0.0,0.0,-0.6380061967222865,0.002588752216161926,0.0,0.0,0.0,0.0,0.0,0.011503196031340217,-0.011644334813401295,0.0,0.0,0.0,0.0,0.0,0.0,0.0,0.0,0.0,0.0,0.0,0.0,0.0,0.9925862198952513,0.0,0.0,0.0,0.0,3.564727072073946e-05,-1.9786028062716935e-05,0.0,0.010693339575583202,0.0,0.0071605726060215745,0.0,-3.394195616722901e-05,-3.5625678778904e-05,0.0,0.0,0.0,0.0,0.0,0.0,0.0,0.0,0.0,0.0,0.0,0.0,0.0,0.0,0.0,0.0,0.0,0.0,-0.0069360600415575655,0.0,-1.9162429161223252e-05,0.0,0.0,0.0,0.0,0.0
0.0,0.0,0.01144694261017682,0.0,0.0,0.0,0.0,0.0,0.0,0.0,0.0,0.0,0.0,0.0,3.793973955266834e-05,0.0,0.6403573946598793,0.0,4.175295883955999e-05,-1.9115565068651453e-05,0.0,0.0,0.0,0.0,0.0,0.0,3.874396614023729e-05,0.0,0.0,0.0,-0.011515851298452272,6.437044972077492e-05,0.0,0.011597795499005283,-0.9932763772372286,0.0,0.0,0.0,0.9927317840068471,-0.2642336683820776,0.0,0.0,0.0,0.0,0.0,-0.6231878490779512,0.6289708302844144,0.0,0.0,0.0,0.0,0.0,0.0,0.0,-3.6756238717353256e-05,0.0,0.0,0.0,0.0,0.0,-0.9925351586403981,0.0,0.0,0.0,0.0,-0.011976656177563962,2.0404328823440363e-05,-3.858194151955832e-05,-0.010988328966077614,0.0,-0.007358705723731064,0.0,0.011528035316847964,0.011879416151738986,0.0,-3.9645498962604135e-05,0.0,0.0,0.0,0.0,0.0,0.0,0.0,0.0,0.0,0.0,0.0,0.0,0.0,0.0,0.0,0.0,0.007127985997056148,0.0,1.976124323894214e-05,0.0,0.0,0.0,0.0,0.0
0.0,0.0,0.0,0.0,0.0,-0.9931991947141445,0.0,0.0,0.0,0.0,0.0,0.0,0.0,0.0,0.0,0.0,0.0,0.0,0.0,0.0,0.0,0.0,0.0,0.0,0.0,0.0,0.0,0.0,0.0,0.0,0.0,0.0,0.0,0.0,0.0,0.0,0.0,0.0,0.0,0.0,0.0,0.0,0.0,0.0,0.0,0.0,0.0,0.0,0.0,0.0,0.0,0.0,0.0,0.0,0.0,0.0,0.0,0.0,0.0,0.0,0.0,0.0,0.0,0.0,0.0,0.0,0.0,0.0,0.0,0.0,0.0,0.0,0.0,0.0,0.0,0.0,0.0,0.0,0.0,0.0,0.0,0.0,0.0,0.0,0.0,0.0,0.0,0.0,0.0,0.0,0.0,0.0,0.0,0.0,0.0,0.0,0.0,0.0,0.0,0.0
0.0,0.0,0.0,0.0,0.0,0.0,0.0,0.0,0.0,0.0,0.0,0.0,0.0,0.0,0.0,0.0,0.0,0.0,0.0,0.0,0.0,0.0,0.0,0.0,0.0,0.0,0.0,0.0,0.0,0.0,0.0,0.0,0.0,0.0,0.0,0.0,0.0,0.0,0.0,0.0,0.0,0.0,0.0,0.0,0.0,0.0,0.0,0.0,0.0,0.0,0.0,0.0,0.0,0.0,0.0,0.0,0.0,0.0,0.0,0.0,0.0,0.0,0.0,0.0,0.0,0.0,0.0,0.0,0.0,0.0,0.0,0.0,0.0,0.0,0.0,0.0,0.0,0.0,0.0,0.0,0.0,0.0,0.0,0.0,0.0,0.0,0.0,0.0,0.0,0.0,0.0,0.0,0.0,0.0,0.0,0.0,0.0,0.0,0.0,0.0
-3.685399851220591e-05,0.0,0.6221744915009683,0.0,0.0,0.0,0.0,0.0,-4.818475446033441e-05,0.0,0.0,0.0,0.0,0.0,0.012435743528898027,0.0,0.010990714166488662,0.0,0.013521777936980959,0.0,0.0,0.0,0.0,0.0,0.0,0.0,0.012612014494110398,0.0,5.9089652192466445e-05,3.7932685552119754e-05,-0.6235521119109358,0.020849757379987136,6.354347001553474e-05,0.6194328861730187,-0.6228417258022616,0.9921156582654004,0.0,0.0,0.0,-0.9914125425712417,0.0,0.0,0.0,-8.057243801861114e-05,-3.9028384019497164e-05,-0.9920975305313098,0.9924207560546107,0.0,0.0,0.0,0.0,0.0,0.0,0.0,-0.011941126617481921,0.0,0.0,0.0,0.0,0.0,-0.28207007121429883,0.0,0.0,0.0,0.0,-0.6255925882968979,3.916308421533867e-05,-0.012323448487922679,-2.956542432126303e-05,0.0,-1.9831620034958723e-05,-3.383711433242554e-06,0.6198937082036371,0.6275845236640095,0.0,-0.012795844208370929,0.0,0.0,0.0,0.0,0.0,0.0,0.0,3.252789117268009e-05,0.0,0.0,0.0,0.0,0.0,0.0,0.0,0.0,1.923815598705179e-05,0.0,0.0,0.0,0.0,0.0,0.0,0.0
0.013477070225852527,0.0,-0.9926355563445266,0.0,0.0,0.0,0.0,0.0,0.009409488927962594,0.0,-8.417774306063943e-05,0.0,0.0,0.0,-3.793973955266834e-05,0.0,-7.686062197926316e-06,0.0,-0.6795512628126227,0.0,0.0,0.0,0.0,0.0,-2.880872112631931e-05,0.0,0.013641540745720382,0.0,0.0,-0.013811459851040526,0.9926723215834796,-6.437044972077492e-05,0.0,-0.011493962348741822,0.0026005211652845085,-0.26437378756343677,0.0,0.0,-0.9920786988481648,0.0,0.0,0.0,0.0,0.028836090926442726,0.01413454800935085,0.618057901163303,-0.6239343413160996,0.0,0.0,0.0,8.097788786422895e-05,0.0,0.0,0.0,4.042865459053703e-05,0.0,-4.631828187716978e-05,0.0,0.0,-4.604191802540364e-05,4.3587407675339573e-05,0.0,0.0,0.0,0.0,0.011822403941215451,-0.014099895066789252,0.6557177233511634,0.0,0.0,0.0,0.008901425680048052,-0.011425420370928354,-0.9926311644879829,0.0,0.6659910238087703,0.0,0.0,0.0,0.0,0.0,0.0,2.6553286509778252e-05,0.0,0.0,0.0,0.0,0.0,0.0,0.0,0.0,0.0,-4.519790297469037e-05,0.0,0.0,0.0,0.0,0.0,0.0,0.0
3.912968632840427e-05,0.0,0.0,0.0,0.0,0.0,0.0,0.0,0.0,0.0,0.0,0.0,0.0,0.0,0.0,0.0,0.0,0.0,0.0,0.0,0.0,0.0,0.0,0.0,0.0,0.0,0.0,0.0,0.0,-0.6540151451899119,0.0,0.0,0.0,0.0,0.0,0.0,0.0,0.0,0.0,0.0,0.0,0.0,0.0,3.8169133756986315e-05,0.0,0.0,0.0,0.0,0.0,0.0,0.0,0.0,0.0,0.0,0.0,0.0,0.0,0.0,0.0,-0.9934377473334833,0.0,0.0,0.0,0.0,0.0,0.0,0.0,0.0,0.0,0.0,0.0,0.0,0.0,-4.066409620941684e-05,0.0,0.01394301075538589,0.0,0.0,0.0,0.0,0.0,0.0,0.0,0.0,0.0,0.0,0.0,0.0,0.0,0.0,0.0,0.0,0.0,0.0,0.0,0.0,0.0,0.0,0.0,0.0
0.0,0.0,0.0,0.0,0.0,0.0,0.0,0.0,0.0,0.0,0.0,0.0,0.0,0.0,0.0,0.0,0.0,0.0,0.0,0.0,0.0,0.0,0.0,0.0,0.0,0.0,0.0,0.0,0.0,0.0,0.0,0.0,0.0,0.0,0.0,0.0,0.0,0.0,0.0,0.0,0.0,0.0,0.0,0.0,0.0,0.0,0.0,0.0,0.0,0.0,0.0,0.0,0.0,0.0,0.0,0.0,0.0,0.0,0.0,0.0,0.0,0.0,0.0,0.0,0.0,0.0,0.0,0.0,0.0,0.0,0.0,0.0,0.0,0.0,0.0,0.0,0.0,0.0,0.0,0.0,0.0,0.0,0.0,0.0,0.0,0.0,0.0,0.0,0.0,0.0,0.0,0.0,0.0,0.0,0.0,0.0,0.0,0.0,0.0,0.0
0.0,0.0,0.0,0.0,0.0,0.0,0.0,0.0,0.0,0.0,0.0,0.0,0.0,0.0,0.0,0.0,0.0,0.0,0.0,0.0,0.0,0.0,0.0,0.0,0.0,0.0,0.0,0.0,0.0,0.0,0.0,0.0,0.0,0.0,0.0,0.0,0.0,0.0,0.0,0.0,0.0,0.0,0.0,0.0,0.0,0.0,0.0,0.0,0.0,0.0,0.0,0.0,0.0,0.0,0.0,0.0,0.0,0.0,0.0,0.0,0.0,0.0,0.0,0.0,0.0,0.0,0.0,0.0,0.0,0.0,0.0,0.0,0.0,0.0,0.0,0.0,0.0,0.0,0.0,0.0,0.0,0.0,0.0,0.0,0.0,0.0,0.0,0.0,0.0,0.0,0.0,0.0,0.0,0.0,0.0,0.0,0.0,0.0,0.0,0.0
0.6075175552012803,0.0,-8.401758642661981e-05,0.0,0.0,0.0,0.0,0.0,5.30206381785398e-05,0.0,-0.9924541074298948,0.0,0.0,0.0,0.0,0.0,0.0,0.0,-0.9925762076359878,0.0,0.0,0.0,0.0,0.0,-0.6712008676826586,0.0,7.75301074214764e-05,0.0,0.0,-0.6121348675812567,8.456442623395738e-05,0.0,0.0,0.0,0.0,0.0,0.0,0.0,-8.269123816340622e-05,0.027167445805530464,3.4772756694856336e-05,0.0,0.0,0.0,7.997607343504576e-05,0.0,0.0,0.0,0.0,0.0,0.9922155385998733,0.0,0.5989021661365103,0.0,-3.403219935799797e-05,0.0,0.0,0.0,0.0,-0.012126639486420236,0.0,0.0,0.0,0.0,0.0,0.0,-8.025208665910569e-05,0.025271023862604533,0.0,0.0,0.0,0.018181044024851052,0.0,-0.7793603467947459,0.0,0.9920476505812055,0.0,0.0,0.0,0.0,0.0,-0.018192931757265364,5.350323128077903e-05,0.0,0.0,0.0,0.0,0.0,0.0,0.0,0.0,0.0,0.0,0.0,0.0,0.0,0.0,0.0,0.0,0.0
5.273929420889375e-05,0.0,-5.867329998265931e-05,0.0,0.0,0.0,0.0,0.0,0.618581991288046,0.0,-4.4903856209990616e-05,0.0,0.0,0.0,5.779193889199432e-05,0.0,-3.309095125366807e-05,0.0,-0.019357202698677987,4.928547347734769e-05,0.0,0.0,0.0,0.0,-0.011433638928595552,0.0,0.7053949629161779,0.0,0.0,-5.42829059001855e-05,5.90551928214093e-05,0.0,0.0,0.0,0.0,0.0,0.0,0.0,-5.7747027589137885e-05,0.01907007532650022,0.0,0.0,0.0,0.00011529965835553717,0.0,-5.870902809906736e-05,0.0,0.0,0.0,0.0,0.0,0.0,0.0,0.0,0.0004354936838340908,0.0,-0.018423271899262066,0.0,0.0,0.0,0.0,0.0,0.0,0.0,0.0,-0.01782299792752957,-0.7106883283240375,0.9944707713288111,0.0,0.0,3.408967519784366e-05,0.603919142996423,0.0,-0.7100274994116668,0.0,0.01832427087037873,0.0,0.0,0.0,0.0,0.0,-4.394961855982343e-05,0.010651096874342443,-4.6288819870033964e-06,0.0,0.0,0.0,0.0,0.0,0.0,0.0,0.0,-0.018079542292571523,0.0,-5.095016723325552e-05,0.0,0.0,0.0,0.0,0.0
0.0,0.0,-0.011358277661517148,0.0,0.0,0.0,0.0,0.0,0.008206365225863597,0.0,0.0,0.0,0.0,0.0,-0.6642428132293409,0.0,-3.324968841980559e-05,0.0,-4.049145755905459e-05,0.0,0.0,0.0,0.0,0.0,2.4843124822809172e-05,-8.836335536377654e-05,-0.6669406798816673,0.0,-0.021681481601794714,0.0,0.011428432456411218,-0.7690446142611082,-0.023154101287296416,-0.9929122327875882,0.011508200358638981,-0.6192127035073067,0.0,0.0,-0.9926064657492141,0.6132787465894036,0.0,0.0,0.0,0.0,-4.24322366158957e-05,0.0,-0.6203092243930356,0.0,0.0,0.0,0.0,0.0,0.0,0.0,0.6520721758239436,0.0,0.0,0.0,0.0,0.0,0.011206797192393394,0.0,0.0,0.0,0.0,0.9930329971404173,4.257867737897184e-05,-0.01334197550539809,0.0,0.0,0.0,-0.00781618362899509,-0.9930048359283796,-0.01175526865211265,0.0,3.844749207620386e-05,0.0,0.0,0.0,0.0,-3.3599220082406666e-05,0.0,-2.2898149609479438e-05,-0.011951220828649028,0.0,0.0,0.0,0.0,0.0,0.0,0.0,0.0,0.0,0.0,0.0,0.0,0.0,0.0,0.0,0.0
0.0,0.0,0.010811347794574174,0.0,0.0,0.0,0.0,0.0,0.0,0.0,0.0,0.0,0.0,0.0,3.468787468082433e-05,0.0,3.134988491704183e-05,0.0,3.817774831992767e-05,0.0,0.0,0.0,0.0,0.0,0.0,0.0,3.5423172393949786e-05,0.0,0.0,0.0,-0.010878186482575797,5.885330732309139e-05,0.0,0.010680371540444215,-0.010953321362072452,0.610305126089409,0.0,0.0,0.9924564926254921,-0.6043864733948552,0.0,0.0,0.0,0.0,0.0,-0.6055251845848635,0.0,0.0,0.0,0.0,0.0,0.0,0.0,0.0,-3.360580984642932e-05,0.0,0.0,0.0,0.0,0.0,-0.01067856583194448,0.0,0.0,0.0,0.0,-0.011029908985476712,0.0,-3.5278004285356775e-05,0.0,0.0,0.0,0.0,0.010615687781994518,0.011231848049312768,0.0,-3.62505721713619e-05,0.0,0.0,0.0,0.0,0.0,0.0,0.0,0.0,0.0,0.0,0.0,0.0,0.0,0.0,0.0,0.0,0.0,0.0,0.0,0.0,0.0,0.0,0.0,0.0
0.0,0.0,0.0,0.0,0.0,0.0,0.0,0.0,0.0,0.0,0.0,0.0,0.0,0.0,0.0,0.0,0.0,0.0,0.0,0.0,0.0,0.0,0.0,0.0,0.0,0.0,0.0,0.0,0.0,0.0,0.0,0.0,0.0,0.0,0.0,0.0,0.0,0.0,0.0,0.0,0.0,0.0,0.0,0.0,0.0,0.0,0.0,0.0,0.0,0.0,0.0,0.0,0.0,0.0,0.0,0.0,0.0,0.0,0.0,0.0,0.0,0.0,0.0,0.0,0.0,0.0,0.0,0.0,0.0,0.0,0.0,0.0,0.0,0.0,0.0,0.0,0.0,0.0,0.0,0.0,0.0,0.0,0.0,0.0,0.0,0.0,0.0,0.0,0.0,0.0,0.0,0.0,0.0,0.0,0.0,0.0,0.0,0.0,0.0,0.0
0.0,0.0,0.0,0.0,0.0,0.0,0.0,0.0,0.0,0.0,0.0,0.0,0.0,0.0,0.0,0.0,0.0,0.0,0.0,0.0,0.0,0.0,0.0,0.0,0.0,0.0,0.0,0.0,0.0,0.0,0.0,0.0,0.0,0.0,0.0,0.0,0.0,0.0,0.0,0.0,0.0,0.0,0.0,0.0,0.0,0.0,0.0,0.0,0.0,0.0,0.0,0.0,0.0,0.0,0.0,0.0,0.0,0.0,0.0,0.0,0.0,0.0,0.0,0.0,0.0,0.0,0.0,0.0,0.0,0.0,0.0,0.0,0.0,0.0,0.0,0.0,0.0,0.0,0.0,0.0,0.0,0.0,0.0,0.0,0.0,0.0,0.0,0.0,0.0,0.0,0.0,0.0,0.0,0.0,0.0,0.0,0.0,0.0,0.0,0.0
0.0,0.0,0.0,0.0,0.0,0.0,0.0,0.0,0.0,0.0,0.0,0.0,0.0,0.0,0.0,0.0,0.0,0.0,0.0,0.0,0.0,0.0,0.0,0.0,0.0,0.0,0.0,0.0,0.0,0.0,0.0,0.0,0.0,0.0,0.0,0.0,0.0,0.0,0.0,0.0,0.0,0.0,0.0,0.0,0.0,0.0,0.0,0.0,0.0,0.0,0.0,0.0,0.0,0.0,0.0,0.0,0.0,0.0,0.0,0.0,0.0,0.0,0.0,0.0,0.0,0.0,0.0,0.0,0.0,0.0,0.0,0.0,0.0,0.0,0.0,0.0,0.0,0.0,0.0,0.0,0.0,0.0,0.0,0.0,0.0,0.0,0.0,0.0,0.0,0.0,0.0,0.0,0.0,0.0,0.0,0.0,0.0,0.0,0.0,0.0
0.009028600728586232,0.0,0.0,0.0,0.0,0.0,0.0,0.0,0.0,0.0,-0.587193873587432,0.0,0.0,0.0,0.0,0.0,0.0,0.0,-0.5911594457310324,0.0,0.0,0.0,0.0,0.0,-0.011964416500448953,0.0,0.0,0.0,0.0,-0.009254230529033637,0.0,0.0,0.0,0.0,0.0,0.0,0.0,0.0,0.0,6.99513135917021e-05,0.0,0.0,0.0,0.9915302472044444,0.0,0.0,0.0,0.0,0.0,0.0,0.0,0.0,0.9922366358052926,0.0,0.0,0.0,0.0,0.0,0.0,-3.0222865328197816e-05,0.0,0.0,0.0,0.0,0.0,0.0,0.0,6.487716790636975e-05,0.0,0.0,0.0,4.572033054637818e-05,0.0,-0.020607131617181532,0.0,0.5762412785702455,0.0,0.0,0.0,0.0,0.0,-4.5581625492778194e-05,0.0,0.0,0.0,0.0,0.0,0.0,0.0,0.0,0.0,0.0,0.0,0.0,0.0,0.0,0.0,0.0,0.0,0.0
0.0,0.0,0.0,0.0,0.0,0.0,0.0,0.0,0.0,0.0,0.0,0.0,0.0,0.0,0.0,0.0,0.0,0.0,0.0,0.0,0.0,0.0,0.0,0.0,0.0,0.0,0.0,0.0,0.0,0.0,0.0,0.0,0.0,0.0,0.0,0.0,0.0,0.0,0.0,0.0,0.0,0.0,0.0,0.0,0.0,0.0,0.0,0.0,0.0,0.0,0.0,0.0,0.0,0.0,0.0,0.0,0.0,0.0,0.0,0.0,0.0,0.0,0.0,0.0,0.0,0.0,0.0,0.0,0.0,0.0,0.0,0.0,0.0,0.0,0.0,0.0,0.0,0.0,0.0,0.0,0.0,0.0,0.0,0.0,0.0,0.0,0.0,0.0,0.0,0.0,0.0,0.0,0.0,0.0,0.0,0.0,0.0,0.0,0.0,0.0
3.628703449391911e-05,0.0,0.0,0.0,0.0,0.0,0.0,0.0,0.0,0.0,-0.013398366410689904,0.0,0.0,0.0,0.0,0.0,0.0,0.0,-0.013616461090476198,0.0,0.0,0.0,0.0,0.0,-4.849754644197001e-05,0.0,0.0,0.0,0.0,-3.734912757060927e-05,0.0,0.0,0.0,0.0,0.0,0.0,0.0,0.0,0.0,0.0,0.0,0.0,0.0,0.6726659399080582,0.0,0.0,0.0,0.0,0.0,0.0,0.9948056875965726,0.0,0.0,0.0,0.0,0.0,0.0,0.0,0.0,0.0,0.0,0.0,0.0,0.0,0.0,0.0,0.0,0.0,0.0,0.0,0.0,0.0,0.0,-8.451840887441327e-05,0.0,0.012886682095820156,0.0,0.0,0.0,0.0,0.0,0.0,0.0,0.0,0.0,0.0,0.0,0.0,0.0,0.0,0.0,0.0,0.0,0.0,0.0,0.0,0.0,0.0,0.0,0.0
0.0,0.0,0.0,0.0,0.0,0.0,0.0,0.0,0.0,0.0,0.0,0.0,0.0,0.0,0.0,0.0,0.0,0.0,0.0,0.0,0.0,0.0,0.0,0.0,0.0,0.0,0.0,0.0,0.0,0.0,0.0,0.0,0.0,0.0,0.0,0.0,0.0,0.0,0.0,0.0,0.0,0.0,0.0,0.0,0.0,0.0,0.0,0.0,0.0,0.0,0.0,0.0,0.0,0.0,0.0,0.0,0.0,0.0,0.0,0.0,0.0,0.0,0.0,0.0,0.0,0.0,0.0,0.0,0.0,0.0,0.0,0.0,0.0,0.0,0.0,0.0,0.0,0.0,0.0,0.0,0.0,0.0,0.0,0.0,0.0,0.0,0.0,0.0,0.0,0.0,0.0,0.0,0.0,0.0,0.0,0.0,0.0,0.0,0.0,0.0
0.0,0.0,0.0,0.0,0.0,0.0,0.0,0.0,0.9730823877566308,0.0,0.00974762075952768,0.0,0.0,0.0,-0.631973620754267,0.0,0.0,0.0,-3.861380235337372e-06,0.0,0.0,0.0,0.0,0.0,0.5122193803509598,0.0,-0.3739368543579139,0.0,0.0,0.0,0.0,-6.729087250563099e-05,0.0,-0.012053010735383235,0.0,-3.2910020311420834e-05,0.0,0.0,-0.011631824571679399,3.614544964158922e-05,0.0,0.0,0.0,-3.229126858446643e-05,0.00038548505251850243,0.6305389834682028,-3.256961885062976e-05,0.0,0.0,0.0,0.0,0.0,0.0,0.0,0.0,0.0,-3.6465025129428366e-06,0.0,0.0,0.0,0.0,0.0,0.0,0.0,0.0,0.9917332782806183,-0.0003872186442275772,0.0010461603167343147,0.0,0.0,0.0,-0.9720926302237924,-0.01198091960495658,-0.0003888281297955605,0.0,3.669566287510029e-06,0.0,0.0,0.0,0.0,-0.5968498256771981,0.009576898782597645,-0.49784911782999847,-0.9917329777774146,0.0,0.0,0.0,0.0,0.0,0.0,0.0,0.0,-3.609794477017521e-06,0.0,0.0,0.0,0.0,0.0,0.0,0.0
0.0,0.0,0.0,0.0,0.0,0.0,0.0,0.0,0.0,0.0,0.0,0.0,0.0,0.0,0.0,0.0,0.0,0.0,0.0,0.0,0.0,0.0,0.0,0.0,0.0,0.0,0.0,0.0,0.0,0.0,0.0,0.0,0.0,0.0,0.0,0.0,0.0,0.0,0.0,0.0,0.0,0.0,0.0,0.0,0.0,0.0,0.0,0.0,0.0,0.0,0.0,0.0,0.0,0.0,0.0,0.0,0.0,0.0,0.0,0.0,0.0,0.0,0.0,0.0,0.0,0.0,0.0,0.0,0.0,0.0,0.0,0.0,0.0,0.0,0.0,0.0,0.0,0.0,0.0,0.0,0.0,0.0,0.0,0.0,0.0,0.0,0.0,0.0,0.0,0.0,0.0,0.0,0.0,0.0,0.0,0.0,0.0,0.0,0.0,0.0
0.0,0.0,0.0,0.0,0.0,0.0,0.0,0.0,-0.008722277565787346,0.0,0.0,0.0,0.0,0.0,0.0,0.0,0.008119122462324916,0.0,4.460495271839641e-05,-0.012026893016392516,0.0,0.0,0.0,0.0,2.6179190675627114e-05,0.0,-0.012685464410151151,0.0,0.0,0.0,0.0,0.0,0.0,0.0,0.0,0.0,0.0,0.0,0.0,-4.444079180460279e-05,0.0,0.0,0.0,0.0,-0.013106632508709474,0.0,0.0,0.0,0.0,0.0,0.0,0.0,0.0,0.0,-3.916173752130786e-06,0.0,0.0,0.0,0.0,0.0,-2.11056593110183e-05,0.0,0.0,0.0,0.0,4.180012404423898e-05,0.9931110468766968,-0.6444478180433446,-2.111101984824529e-05,0.0,-0.008349467361284526,-0.008251755153551959,0.0,0.013102868360353548,0.0,-4.23533511928165e-05,0.0,0.0,0.0,0.0,0.0,0.0,-2.412961701582277e-05,0.0,0.0,0.0,0.0,0.0,0.0,0.0,0.0,0.0,0.6584521629996375,0.0,0.012490482457183226,0.0,3.477007194478673e-05,0.0,-3.358048526243223e-05,0.0
0.0,0.0,0.0,0.0,0.0,0.0,0.0,0.0,0.0,0.0,0.0,0.0,0.0,0.0,0.0,0.0,0.0,0.0,0.0,0.0,0.0,0.0,0.0,0.0,0.0,0.0,0.0,0.0,0.0,0.0,0.0,0.0,0.0,0.0,0.0,0.0,0.0,0.0,0.0,0.0,0.0,0.0,0.0,0.0,0.0,0.0,0.0,0.0,0.0,0.0,0.0,0.0,0.0,0.0,0.0,0.0,0.0,0.0,0.0,0.0,0.0,0.0,0.0,0.0,0.0,0.0,0.0,0.0,0.0,0.0,0.0,0.0,0.0,0.0,0.0,0.0,0.0,0.0,0.0,0.0,0.0,0.0,0.0,0.0,0.0,0.0,0.0,0.0,0.0,0.0,0.0,0.0,0.0,0.0,0.0,0.0,0.0,0.0,0.0,0.0
0.0,0.0,0.0,0.0,0.0,0.0,0.0,0.0,0.0,0.0,0.0,0.0,0.0,0.0,0.0,0.0,0.0,0.0,0.0,0.0,0.0,0.0,0.0,0.0,0.0,0.0,0.0,0.0,0.0,0.0,0.0,0.0,0.0,0.0,0.0,0.0,0.0,0.0,0.0,0.0,0.0,0.0,0.0,0.0,0.0,0.0,0.0,0.0,0.0,0.0,0.0,0.0,0.0,0.0,0.0,0.0,0.0,0.0,0.0,0.0,0.0,0.0,0.0,0.0,0.0,0.0,0.0,0.0,0.0,0.0,0.0,0.0,0.0,0.0,0.0,0.0,0.0,0.0,0.0,0.0,0.0,0.0,0.0,0.0,0.0,0.0,0.0,0.0,0.0,0.0,0.0,0.0,0.0,0.0,0.0,0.0,0.0,0.0,0.0,0.0
-0.012574863215214364,0.0,0.0,0.0,0.0,0.0,0.0,0.0,0.0,0.0,3.4338830396285746e-05,0.0,0.0,0.0,0.0,0.0,0.0,0.0,7.853391268159072e-05,0.0,0.0,0.0,0.0,0.0,0.0,0.0,0.0,0.0,0.0,0.9928951299115996,0.0,0.0,0.0,0.0,0.0,0.0,0.0,0.0,0.0,-4.347089605232091e-05,-0.9928289266673544,0.0,0.0,-0.012172990824993828,0.0,0.0,0.0,0.0,0.0,0.0,-3.3033443135762155e-05,0.0,0.0,0.0,0.0,0.0,0.0,0.0,0.0,0.0,0.0,0.0,0.0,0.0,0.0,0.0,0.0,-4.0317515994448694e-05,0.0,0.0,0.0,0.0,0.0,0.012923319064138862,0.0,-0.6563587327880808,0.0,0.0,0.0,0.0,0.0,0.0,0.0,0.0,0.0,0.0,0.0,0.0,0.0,0.0,0.0,0.0,0.0,0.0,0.0,0.0,0.0,0.0,0.0,0.0
0.0,0.0,-7.628314410079427e-06,0.0,0.0,0.0,0.0,0.0,0.0,0.0,0.0,0.0,0.0,0.0,0.0,0.0,-0.9922368726918054,0.0,0.0,0.006288603830491209,0.0,0.0,0.0,0.0,0.0,0.0,0.0,0.0,0.0,0.0,7.642883186013896e-06,0.0,0.0,-3.434733372346958e-05,0.9925545687955745,-0.9923830317966624,0.0,0.0,-0.2849835349949258,4.358333477994525e-05,0.0,0.0,0.0,0.0,0.0,0.011153324487865454,-0.011287954621761211,0.0,0.0,0.0,0.0,0.0,0.0,0.0,0.0,0.0,-2.1451022536216767e-05,0.0,0.0,0.0,0.0,0.0,0.0,0.0,0.0,3.56447294461581e-05,-0.006696215858670606,1.9744474228990905e-05,0.6075356282981866,0.0,0.5062342199040013,0.0,-3.39396522107972e-05,-7.873668927116768e-06,0.0,0.0,0.0,0.0,0.0,0.0,0.0,0.0,0.0,0.0,0.0,0.0,0.0,0.0,0.0,0.0,0.0,0.0,-0.4976576284530522,0.0,-0.006532740694024245,0.0,-1.822639985587177e-05,0.0,1.760281101179368e-05,0.0
0.0,0.0,0.0,0.0,0.0,0.0,0.0,0.0,0.0,0.0,0.0,0.0,0.0,0.0,0.0,0.0,0.0,0.0,0.0,0.0,0.0,0.0,0.0,0.0,0.0,0.0,0.0,0.0,0.0,0.0,0.0,0.0,0.0,0.0,0.0,0.0,0.0,0.0,0.0,0.0,0.0,0.0,0.0,0.0,0.0,0.0,0.0,0.0,0.0,0.0,0.0,0.0,0.0,0.0,0.0,0.0,0.0,0.0,0.0,0.0,0.0,0.0,0.0,0.0,0.0,0.0,0.0,0.0,0.0,0.0,0.0,0.0,0.0,0.0,0.0,0.0,0.0,0.0,0.0,0.0,0.0,0.0,0.0,0.0,0.0,0.0,0.0,0.0,0.0,0.0,0.0,0.0,0.0,0.0,0.0,0.0,0.0,0.0,0.0,0.0
0.0,0.0,0.0,0.0,0.0,0.0,0.0,0.0,0.0,0.0,0.0,0.0,0.0,0.0,0.0,0.0,0.0,0.0,0.0,0.0,0.0,0.0,0.0,0.0,0.0,0.0,0.0,0.0,0.0,0.0,0.0,0.0,0.0,0.0,0.0,0.0,0.0,0.0,0.0,0.0,0.0,0.0,0.0,0.0,0.0,0.0,0.0,0.0,0.0,0.0,0.0,0.0,0.0,0.0,0.0,0.0,0.0,0.0,0.0,0.0,0.0,0.0,0.0,0.0,0.0,0.0,0.0,0.0,0.0,0.0,0.0,0.0,0.0,0.0,0.0,0.0,0.0,0.0,0.0,0.0,0.0,0.0,0.0,0.0,0.0,0.0,0.0,0.0,0.0,0.0,0.0,0.0,0.0,0.0,0.0,0.0,0.0,0.0,0.0,0.0
0.0,0.0,0.0,0.0,0.0,0.0,0.0,0.0,0.0,0.0,0.0,0.0,0.0,0.0,0.0,0.0,0.0,0.0,0.0,0.0,0.0,0.0,0.0,0.0,0.0,0.0,0.0,0.0,0.0,0.0,0.0,0.0,0.0,0.0,0.0,0.0,0.0,0.0,0.0,0.0,0.0,0.0,0.0,0.0,0.0,0.0,0.0,0.0,0.0,0.0,0.0,0.0,0.0,0.0,0.0,0.0,0.0,0.0,0.0,0.0,0.0,0.0,0.0,0.0,0.0,0.0,0.0,0.0,0.0,0.0,0.0,0.0,0.0,0.0,0.0,0.0,0.9932271167070553,0.0,0.0,0.0,0.0,0.0,0.0,0.0,0.0,0.0,0.0,0.0,0.0,0.0,0.0,0.0,0.0,0.0,0.0,0.0,0.0,0.0,0.0,0.0
0.0,0.0,0.0,0.0,0.7906703979763042,0.0,0.0,0.0,0.0,0.0,0.0,0.0,0.0,0.0,0.0,0.0,0.0,0.0,0.0,8.396493159920255e-05,0.0,0.0,0.0,0.0,0.0,0.0,0.0,0.0,0.0,0.0,0.0,0.0,0.0,0.0,0.0,0.0,0.0,0.0,0.0,0.0,0.0,0.0,0.0,0.0,0.0,0.0,0.0,0.0,0.0,0.0,0.0,0.0,0.0,0.0,0.0,0.0,0.0,0.0,0.0,0.0,0.0,0.0,0.0,0.0,0.0,0.0,0.0,0.0,0.0,0.0,0.0,0.0,0.0,0.0,0.0,0.0,0.0,0.0,0.0,0.0,0.0,0.0,0.0,0.0,0.0,0.0,0.0,0.0,0.0,0.0,0.0,0.0,0.0,0.0,0.0,0.0,-0.024862845857938017,0.9968359425400899,0.0,0.0
0.0,0.0,-3.83874088934097e-05,0.0,0.0,0.0,0.0,0.0,0.5347341740921409,0.0,3.28022157114301e-05,0.0,0.0,0.0,-0.9937049726083582,0.0,0.0,0.0,4.891874677326448e-05,0.0,0.0,0.0,0.0,0.0,0.008384685442933616,0.0,-0.993641286820026,0.0,-7.3351625471665e-05,0.0,3.8637270004013664e-05,-0.025687749138669433,-7.88803391120093e-05,-0.6675653749861938,3.855881147645587e-05,-0.012722658793019072,0.0,0.0,-0.6589260570376105,0.012517865987538509,0.0,0.0,0.0,0.0,-0.014041247297520395,0.9935528795886963,-0.0126713615720731,0.0,0.0,0.0,0.0,0.0,0.0,0.0,0.9929895584131017,0.0,4.616140508893845e-05,0.0,0.0,0.0,3.872999853245918e-05,0.0,0.0,0.0,0.0,0.0,0.014008882995714199,-0.38586845772672634,0.0,0.0,0.0,-0.5280155497709369,-0.6680101252551045,0.013996656645659604,0.0,-4.644952526917342e-05,0.0,0.0,0.0,0.0,-0.011421830720317092,3.2105137940330794e-05,-0.007809106149971763,-0.6344897009260803,0.0,0.0,0.0,0.0,0.0,0.0,0.0,0.0,4.568384247911332e-05,0.0,0.0,0.0,0.0,0.0,0.0,0.0
-4.1828172508060876e-05,0.0,4.653456143503247e-05,0.0,-4.102507638666934e-05,0.0,0.0,0.0,-0.5598876365142452,0.0,3.56137340687111e-05,0.0,0.0,0.0,-4.5836130214152916e-05,0.0,0.546288531666307,0.0,0.015325818012989456,-0.6411693998364907,0.0,0.0,0.0,-1.111238009856561e-16,0.009037218540535661,0.0,-0.651927389343454,0.0,0.0,4.305244337157829e-05,-4.68374493399561e-05,0.0,0.0,0.0,-2.1647418152902347e-05,2.1940254225665577e-05,0.0,0.0,4.5799913910378744e-05,-0.015095908277864558,0.0,0.0,0.0,-9.144673809801109e-05,-0.6600456520464657,4.656351342922232e-05,0.0,0.0,0.0,0.0,0.0,0.0,0.0,0.0,-0.00041044726122912485,0.0,0.9938282026879187,0.0,0.0,0.0,-0.007354341309926498,0.0,0.0,0.0,0.0,0.014164715162239607,0.0,-0.9928957316548418,-0.007444388936525351,0.0,-0.5527099098283343,-0.544570483731772,0.0,0.6569561008256196,0.0,-0.014504483089077872,0.0,0.0,0.0,0.0,0.0,3.485691098501213e-05,-0.008417768768048554,3.6859123085855004e-06,0.0,0.0,0.0,0.0,0.0,0.0,0.0,0.0,0.9935247415553007,0.0,0.651543281265408,0.0,0.012130723678060137,0.0,-0.011768300128770958,0.0
0.012332621404579145,0.0,-0.013603282200475079,0.0,0.0,0.0,0.0,0.0,0.9744649062326489,0.0,-0.010581224872766495,0.0,0.0,0.0,0.013370597508354181,0.0,-0.007767679214667126,0.0,-0.659611364522386,0.011508908156265062,0.0,0.0,0.0,0.0,-0.5288520353913962,0.0,0.9920413992576703,0.0,0.0,-0.012638964584812692,0.0136870767279849,0.0,0.0,4.149911520340747e-05,0.0,-3.8160072315127553e-05,0.0,0.0,-0.013243985110690646,0.6524822916252491,0.0,0.0,0.0,0.026455503623212962,0.992458005400349,-0.013418689726257284,-3.776851406920592e-05,0.0,0.0,0.0,7.403743993845613e-05,0.0,0.0,0.0,0.0010468392053566767,0.0,-0.6506273248038484,0.0,0.0,-4.2095634037329654e-05,1.9954023074200766e-05,0.0,0.0,0.0,0.0,-0.38025121922277866,-0.9922925608538495,0.0,2.0507860222336785e-05,0.0,0.007988582881430381,0.9735183367085569,4.1006538502972486e-05,-0.9922096074921025,0.0,0.6456450790130888,0.0,0.0,0.0,0.0,-3.0744550736578883e-06,-0.010322253557274971,0.5145598043330953,-0.000381324534135351,0.0,0.0,0.0,0.0,0.0,0.0,0.0,0.0,-0.643434143191643,0.0,-0.01195370962391159,0.0,-3.377667487259296e-05,0.0,3.262107412430963e-05,0.0
0.0,0.0,0.0,0.0,0.0,0.0,0.0,0.0,0.0,0.0,0.0,0.0,0.0,0.0,0.0,0.0,-0.9923297782962127,0.0,0.0,0.005836156984011103,0.0,0.0,0.0,-1.115542211196362e-16,0.0,0.0,0.0,0.0,0.0,0.0,0.0,0.0,0.0,0.0,0.009764822713914302,-0.009863714975850632,0.0,0.0,-2.883175129567187e-05,0.0,0.0,0.0,0.0,0.0,0.0,0.0,0.0,0.0,0.0,0.0,0.0,0.0,0.0,0.0,0.0,0.0,-1.9663472474984004e-05,0.0,0.0,0.0,0.5865473754649526,0.0,0.0,0.0,0.0,0.0,-0.006215295868764254,1.8591394026753488e-05,0.0,0.0,0.4915755758108545,0.0,0.0,0.0,0.0,0.0,0.0,0.0,0.0,0.0,0.0,0.0,0.0,0.0,0.0,0.0,0.0,0.0,0.0,0.0,0.0,0.0,-0.4830181066366097,0.0,-0.006062472846515701,0.0,-1.670755857774975e-05,0.0,1.61359337638322e-05,0.0
0.0,0.0,0.0,0.0,0.0,0.0,0.0,0.0,0.0,0.0,0.0,0.0,0.0,0.0,0.0,0.0,0.0,0.0,0.0,0.0,0.0,0.0,0.0,0.0,0.0,0.0,0.0,0.0,0.0,0.0,0.0,0.0,0.0,0.0,0.0,0.0,0.0,0.0,0.0,0.0,0.0,0.0,0.0,0.0,0.0,0.0,0.0,0.0,0.0,0.0,0.0,0.0,0.0,0.0,0.0,0.0,0.0,0.0,0.0,0.0,0.0,0.0,0.0,0.0,0.0,0.0,0.0,0.0,0.0,0.0,0.0,0.0,0.0,0.0,0.0,0.0,0.0,0.0,0.0,0.0,0.0,0.0,0.0,0.0,0.0,0.0,0.0,0.0,0.0,0.0,0.0,0.0,0.0,0.0,0.0,0.0,0.0,0.0,0.0,0.0
0.0,0.0,0.0,0.0,2.4035301600780706e-05,0.0,0.0,0.0,1.614984967551719e-05,0.0,0.0,0.0,0.0,0.0,0.0,0.0,-0.9888988590470575,0.0,0.0,0.512556619626378,0.0,0.0,0.0,1.0192790162911581e-16,0.0,0.0,2.3615727110624074e-05,0.0,0.0,0.0,0.0,0.0,0.0,0.0,0.007083711541468727,-0.00715552545517655,0.0,0.0,-2.096904104844111e-05,1.123182284290179e-16,0.0,0.0,0.0,0.0,2.4360811576461116e-05,0.0,0.0,0.0,0.0,0.0,0.0,0.0,0.0,0.0,0.0,0.0,-0.008431582378836492,0.0,0.0,0.0,0.5046442002781727,0.0,0.0,0.0,0.0,0.0,-0.5276852077762169,0.007853362104079938,0.5117968229608225,0.0,0.0,1.5343203276274765e-05,0.0,-2.4587546084651406e-05,0.0,0.0,0.0,0.0,0.0,0.0,0.0,0.0,0.0,0.0,0.0,0.0,0.0,0.0,0.0,0.0,0.0,0.0,-0.9887397195064991,0.0,-0.5238790309256908,0.0,-0.007156415413210775,0.0,0.006941508144857339,0.0
2.378507627900457e-05,0.0,-2.6461360229613957e-05,0.0,0.0,0.0,0.0,0.0,0.019480128423560547,0.0,-0.7099278710726967,0.0,0.0,0.0,0.00769387604698083,0.0,-1.4923641299729577e-05,0.0,-0.008830348769919635,2.2227383600287232e-05,0.0,0.0,0.0,0.0,-0.9931206827615375,0.0,0.5157479384140097,0.0,0.0,-2.4481255789955984e-05,2.6633597544160996e-05,0.0,0.0,2.323498198365105e-05,0.0,0.0,0.0,0.0,-3.5849790428737865e-06,0.008644896438304933,0.0,0.0,0.0,0.018757897356625766,0.5228163518822885,-0.007744391691741904,0.0,0.0,0.0,0.0,5.1388944407057016e-05,0.0,0.0,0.0,-0.9730729965328523,0.0,-0.00834953466696253,0.0,0.0,0.0,0.0,0.0,0.0,0.0,0.0,-0.5064057777217015,-0.5202155872969104,0.9733422026482518,0.0,0.0,1.5374062828712595e-05,0.0,2.2959175431926762e-05,-0.5193928001090689,0.0,0.008354401758759945,0.0,0.0,0.0,0.0,0.006551592676377005,-0.707281408749174,0.9928479510115857,0.49689724707662725,0.0,0.0,0.0,0.0,0.0,0.0,0.0,0.0,-0.008191810199408485,0.0,-2.2978169159331896e-05,0.0,0.0,0.0,0.0,0.0
0.0,0.0,3.3734546601177466e-05,0.0,0.0,0.0,0.0,0.0,-2.4340483156478402e-05,0.0,0.0,0.0,0.0,0.0,0.013655083637998182,0.0,0.0,0.0,0.0,0.0,0.0,0.0,0.0,0.0,0.0,0.0,0.013890272206374713,0.0,6.446109248430634e-05,0.0,-3.3954123566537794e-05,0.022875573652057248,6.931974866997992e-05,0.6439798263005653,-3.3885174518257964e-05,0.01131342566021527,0.0,0.0,0.6350781842794294,-0.011176089180404164,0.0,0.0,0.0,0.0,0.0,-0.9929901335103879,0.011267021674388656,0.0,0.0,0.0,0.0,0.0,0.0,0.0,-0.013114171746509877,0.0,0.0,0.0,0.0,0.0,-3.4035932605501446e-05,0.0,0.0,0.0,0.0,-0.6499932472934797,0.0,4.067929600069154e-05,0.0,0.0,0.0,2.3124743647904453e-05,0.0,3.545057632461841e-05,0.0,0.0,0.0,0.0,0.0,0.0,0.0,0.0,0.0,3.54848672567561e-05,0.0,0.0,0.0,0.0,0.0,0.0,0.0,0.0,0.0,0.0,0.0,0.0,0.0,0.0,0.0,0.0
-0.657803147726208,0.0,0.677614424972681,0.0,0.0,0.0,0.0,0.0,-0.5662054758843941,0.0,0.027171542542538344,0.0,0.0,0.0,-4.7472972620760524e-05,0.0,2.642167436067002e-05,0.0,0.9939817637456715,-4.048485237702801e-05,0.0,0.0,0.0,0.0,0.009420347057533758,0.0,-0.6578007204862242,0.0,0.0,0.6621498491436335,-0.6788936931424507,0.0,0.0,4.048331885969389e-05,-4.000398065297183e-05,0.01309947811803347,0.0,0.0,0.6698718038527701,-0.9932830747493259,-4.34655680141936e-05,0.0,0.0,-0.8056150192185083,-0.6658583055392726,-0.013217003979281683,0.013430746160115184,0.0,0.0,0.0,-0.02617542071684749,0.0,-7.205500644731058e-05,0.0,-0.00041579058217388194,0.0,0.015040466933943656,0.0,0.0,0.015071647127317612,-8.075961226895236e-06,0.0,0.0,0.0,0.0,0.014559288533257766,0.6635120288570695,-0.9930208138502212,0.0,0.0,-2.800097569001139e-05,-0.5509214875720805,4.000277730906577e-05,0.0,0.0,-0.9935520336981102,0.0,0.0,0.0,0.0,0.0,3.610175572021155e-05,-0.008682868483304226,3.815739147512282e-06,0.0,0.0,0.0,0.0,0.0,0.0,0.0,0.0,0.01475694578478318,0.0,4.1852303866952866e-05,0.0,0.0,0.0,0.0,0.0
0.0,0.0,0.0,0.0,0.0,0.0,0.0,0.0,0.0,0.0,0.0,0.0,0.0,0.0,0.0,0.0,0.0,0.0,0.0,0.0,0.0,0.0,0.0,0.0,0.0,0.0,0.0,0.0,0.0,0.0,0.0,0.0,0.0,0.0,0.0,0.0,0.0,0.0,0.0,0.0,0.0,0.0,0.0,0.0,0.0,0.0,0.0,0.0,0.0,0.0,0.0,0.0,0.0,0.0,0.0,0.0,0.0,0.0,0.0,0.0,0.0,0.0,0.0,0.0,0.0,0.0,0.0,0.0,0.0,0.0,0.0,0.0,0.0,0.0,0.0,0.0,0.0,0.0,0.0,0.0,0.0,0.0,0.0,0.0,0.0,0.0,0.0,0.0,0.0,0.0,0.0,0.0,0.0,0.0,0.0,0.0,0.0,0.0,0.0,0.0
0.9924429443061836,0.0,-0.013331798082819526,0.0,0.0,0.0,0.0,0.0,0.008434962187500289,0.0,-0.6031899077093759,0.0,0.0,0.0,0.0,0.0,0.0,0.0,-0.7759827209497496,0.0,0.0,0.0,0.0,0.0,-0.012899985124682238,0.0,0.01226899975607252,0.0,0.0,-0.9925299630697424,0.013413969784755937,0.0,0.0,0.0,0.0,-3.71001954354632e-05,0.0,0.0,-0.013020259719429734,0.6503207171305514,0.012613700554420426,0.0,0.0,0.9919815397387163,0.012676817242248903,3.6591885954659505e-05,-3.671942720163407e-05,0.0,0.0,0.0,0.5948565735726724,0.0,0.009319244101340269,0.0,3.83273446578101e-06,0.0,-4.117201800377675e-05,0.0,0.0,-0.6536000627649361,0.0,0.0,0.0,0.0,0.0,-4.088789762619861e-05,-0.01264675035541208,0.6328787267153894,0.0,0.0,0.0,0.008028116705642097,0.0,-0.9923801784212676,0.0,0.0,0.0,0.0,0.0,0.0,0.0,-4.937990671575343e-05,2.360299097948007e-05,0.0,0.0,0.0,0.0,0.0,0.0,0.0,0.0,0.0,-4.074604980461371e-05,0.0,0.0,0.0,0.0,0.0,0.0,0.0
0.0,0.0,0.0,0.0,0.0,0.0,0.0,0.0,0.0,0.0,0.0,0.0,0.0,0.0,0.0,0.0,0.0,0.0,0.0,0.0,0.0,0.0,0.0,0.0,0.0,0.0,0.0,0.0,0.0,0.0,0.0,0.0,0.0,0.0,0.0,0.0,0.0,0.0,0.0,0.0,0.0,0.0,0.0,0.0,0.0,0.0,0.0,0.0,0.0,0.0,0.0,0.0,0.0,0.0,0.0,0.0,0.0,0.0,0.0,0.0,0.0,0.0,0.0,0.9927027603587797,0.0,0.0,0.0,0.0,0.0,0.0,0.0,0.0,0.0,0.0,0.0,0.0,0.0,0.0,0.0,0.0,0.0,0.0,0.0,0.0,0.0,0.0,0.0,0.0,0.0,0.0,0.0,0.0,0.0,0.0,0.0,0.0,0.0,0.0,0.0,0.0
0.0,0.0,0.0,0.0,0.0,0.0,0.0,0.0,0.0,0.0,0.0,0.0,0.0,0.0,0.0,0.0,0.0,0.0,0.0,0.0,0.0,0.0,0.0,0.0,0.0,0.0,0.0,0.0,0.0,0.0,0.0,0.0,0.0,0.0,0.0,0.0,0.0,0.0,0.0,0.0,0.0,0.0,0.0,0.0,0.0,0.0,0.0,0.0,0.0,0.0,0.0,0.0,0.0,0.0,0.0,0.0,0.0,0.0,0.0,0.0,0.0,0.0,0.0,0.0,0.0,0.0,0.0,0.0,0.0,0.0,0.0,0.0,0.0,0.0,0.0,0.0,0.0,0.0,0.0,0.0,0.0,0.0,0.0,0.0,0.0,0.0,0.0,0.0,0.0,0.0,0.0,0.0,0.0,0.0,0.0,0.0,0.0,0.0,0.0,0.0
0.0,0.0,0.0,0.0,0.0,0.0,0.0,0.0,0.0,0.0,0.0,0.0,0.0,0.0,0.0,0.0,0.0,0.0,0.0,0.0,0.0,0.0,0.0,0.0,0.0,0.0,0.0,0.0,0.0,0.0,0.0,0.0,0.0,0.0,0.0,0.0,0.0,0.0,0.0,0.0,0.0,0.0,0.0,0.0,0.0,0.0,0.0,0.0,0.0,0.0,0.0,0.0,0.0,0.0,0.0,0.0,0.0,0.0,0.0,0.0,0.0,0.0,0.0,0.0,0.0,0.0,0.0,0.0,0.0,0.0,0.0,0.0,0.0,0.0,0.0,0.0,0.0,0.0,0.0,0.0,0.0,0.0,0.0,0.0,0.0,0.0,0.0,0.0,0.0,0.0,0.0,0.0,0.0,0.0,0.0,0.0,0.0,0.0,0.0,0.0
0.0,0.0,0.0,0.0,0.0,0.0,0.0,0.0,0.0,0.0,0.0,0.0,0.0,0.0,0.0,0.9931768870367578,0.0,0.0,0.0,0.0,0.0,0.0,0.0,0.0,0.0,0.0,0.0,0.0,0.0,0.0,0.0,0.0,0.0,0.0,0.0,0.0,0.0,0.0,0.0,0.0,0.0,0.0,0.0,0.0,0.0,0.0,0.0,0.0,0.0,0.0,0.0,0.0,0.0,0.0,0.0,0.0,0.0,0.0,0.0,0.0,0.0,0.0,0.0,0.0,0.0,0.0,0.0,0.0,0.0,0.0,0.0,0.0,0.0,0.0,0.0,0.0,0.0,0.0,0.0,0.0,0.0,0.0,0.0,0.0,0.0,0.0,0.0,0.0,0.0,0.0,0.9931532821975193,0.0,0.0,0.0,0.0,0.0,0.0,0.0,0.0,0.0
0.0,0.0,0.0,0.0,0.0,0.0,0.0,0.0,-0.006945249138191301,0.0,0.0,0.0,0.0,0.0,3.2862257062042136e-05,0.0,0.0,0.0,0.0,0.0,0.0,0.0,0.0,0.0,-2.05843910898411e-05,0.0,3.3557613332638025e-05,0.0,0.0,0.0,0.0,0.0,0.0,0.0,0.0,0.0,0.0,0.0,0.0,0.0,0.0,0.0,0.0,0.0,0.0,-3.3383788437636903e-05,0.0,0.0,0.0,0.0,0.0,0.0,0.0,0.0,-0.6176439642073678,0.0,0.0,0.0,0.0,0.0,0.0,0.0,0.0,0.0,0.0,-0.010505982950149779,0.0,-3.0372438824872803e-06,0.0,0.0,0.0,0.006570281873106415,0.0,0.0,0.0,0.0,0.0,0.0,0.0,0.0,0.0,0.0,1.8972827009498227e-05,0.9931855830559132,0.0,0.0,0.0,0.0,0.0,0.0,0.0,0.0,0.0,0.0,0.0,0.0,0.0,0.0,0.0,0.0
0.0,0.0,0.0,0.0,0.0,0.0,0.0,0.0,-1.7553038815255017e-06,0.0,0.7253096310736897,0.0,0.0,0.0,0.0,0.0,0.0,0.0,5.769478140998664e-05,0.0,0.0,0.0,0.0,0.0,0.993700647886024,0.0,-3.2512859313422654e-05,0.0,0.0,0.0,0.0,0.0,0.0,0.0,0.0,0.0,0.0,0.0,0.0,0.0,0.0,0.0,0.0,-0.019979329030249824,-3.3538642003243505e-05,0.0,0.0,0.0,0.0,0.0,-5.46005780656658e-05,0.0,0.0,0.0,0.011087572815838782,0.0,0.0,0.0,0.0,0.0,0.0,0.0,0.0,0.0,0.0,3.135284253335683e-05,3.365439587439655e-05,-0.010829267254948646,0.0,0.0,0.0,-0.7202858693753512,0.0,3.3852310695063536e-05,0.0,-5.478245810851699e-05,0.0,0.0,0.0,0.0,0.0,0.0,-0.017475065645199676,-2.9855442819228366e-05,0.0,0.0,0.0,0.0,0.0,0.0,0.0,0.0,0.0,0.0,0.0,0.0,0.0,0.0,0.0,0.0
0.0,0.0,0.0,0.0,0.0,0.0,0.0,0.0,0.0003515110906769404,0.0,-0.015919989868404018,0.0,0.0,0.0,2.1264060023036232e-05,0.0,0.0,0.0,-2.463941821483313e-05,0.0,0.0,0.0,0.0,0.0,-0.6381977721821129,0.0,0.007072678850039312,0.0,0.0,0.0,0.0,0.0,0.0,0.0,0.0,0.0,0.0,0.0,0.0,2.4548735238444498e-05,0.0,0.0,0.0,5.259246353923848e-05,0.00728674408942655,-2.1601529391725226e-05,0.0,0.0,0.0,0.0,0.0,0.0,0.0,0.0,-0.5066081169104281,0.0,-2.3250497449111057e-05,0.0,0.0,0.0,0.0,0.0,0.0,0.0,0.0,-0.006820425932922592,-0.007269884812257862,0.4986496795399023,0.0,0.0,0.0,0.9924915319942204,0.0,-0.007284679256195758,0.0,2.3395628006609652e-05,0.0,0.0,0.0,0.0,1.801398026369643e-05,-0.015642354868458518,0.0,0.006525158744434595,0.0,0.0,0.0,0.0,0.0,0.0,0.0,0.0,-2.300994212350674e-05,0.0,0.0,0.0,0.0,0.0,0.0,0.0
0.0,0.0,0.0,0.0,0.0,0.0,0.0,0.0,-0.49953978214287736,0.0,-2.7179131567043154e-05,0.0,0.0,0.0,0.011178324323498691,0.0,0.0,0.0,0.0,0.0,0.0,0.0,0.0,0.0,-0.006988003436112819,0.0,0.011227526148195577,0.0,0.0,0.0,0.0,0.0,0.0,3.3856328421323925e-05,0.0,0.0,0.0,0.0,3.272508726984452e-05,0.0,0.0,0.0,0.0,0.0,-3.166493363833942e-06,-0.011251521015470806,0.0,0.0,0.0,0.0,0.0,0.0,0.0,0.0,-0.991992026235108,0.0,0.0,0.0,0.0,0.0,0.0,0.0,0.0,0.0,0.0,-0.6016695676274537,3.1775188765055206e-06,-0.00037244850391417655,0.0,0.0,0.0,0.48407651337176716,3.345444736122542e-05,3.196121838794998e-06,0.0,0.0,0.0,0.0,0.0,0.0,0.9928058838452651,-2.660154641560499e-05,0.006507390229395661,0.0,0.0,0.0,0.0,0.0,0.0,0.0,0.0,0.0,0.0,0.0,0.0,0.0,0.0,0.0,0.0,0.0
0.0,0.0,0.0,0.0,0.0,0.0,0.0,0.0,0.0,0.0,0.0,0.0,0.0,0.0,0.0,0.0,0.0,0.0,0.0,0.0,0.0,0.0,0.0,0.0,0.0,0.0,0.0,0.0,0.0,0.0,0.0,0.0,0.0,0.0,0.0,0.0,0.0,0.0,0.0,0.0,0.0,0.0,0.0,0.0,0.0,0.0,0.0,0.0,0.0,0.0,0.0,0.0,0.0,0.0,0.0,0.0,0.0,0.0,0.0,0.0,0.0,0.0,0.0,0.0,0.0,0.0,0.0,0.0,0.0,0.0,0.0,0.0,0.0,0.0,0.0,0.0,0.0,0.0,0.0,0.0,0.0,0.0,0.0,0.0,0.0,0.0,0.0,0.0,0.0,0.0,0.0,0.0,0.0,0.0,0.0,0.0,0.0,0.0,0.0,0.0
0.0,0.0,0.0,-0.9925171761672799,0.0,0.0,0.0,0.0,0.0,0.0,0.0,0.0,0.0,0.0,0.0,0.0,0.0,0.0,0.0,0.0,0.0,0.0,0.0,0.0,0.0,0.0,0.0,0.0,0.0,0.0,0.0,0.0,0.0,0.0,0.0,0.0,0.0,0.0,0.0,0.0,0.0,0.0,0.0,0.0,0.0,0.0,0.0,0.0,0.0,0.0,0.0,0.0,0.0,0.0,0.0,0.0,0.0,0.0,0.0,0.0,0.0,0.0,0.0,0.0,0.0,0.0,0.0,0.0,0.0,0.0,0.0,0.0,0.0,0.0,0.0,0.0,0.0,0.0,0.0,0.0,0.0,0.0,0.0,0.0,0.0,0.0,0.0,0.0,0.0,0.0,0.0,0.0,0.0,0.0,0.0,0.0,0.0,0.0,0.0,0.0
0.0,0.0,0.0,0.0,0.0,0.0,0.0,0.0,0.0,0.0,0.0,0.0,0.0,0.0,0.0,0.0,0.0,0.0,0.0,0.0,0.0,0.0,0.0,0.0,0.0,0.0,0.0,0.0,0.0,0.0,0.0,0.0,0.0,0.0,0.0,0.0,0.0,0.0,0.0,0.0,0.0,0.0,0.0,0.0,0.0,0.0,0.0,0.0,0.0,0.0,0.0,0.0,0.0,0.0,0.0,0.0,0.0,0.0,0.0,0.0,0.0,0.0,0.0,0.0,0.0,0.0,0.0,0.0,0.0,0.0,0.0,0.0,0.0,0.0,0.0,0.0,0.0,0.0,0.0,0.0,0.0,0.0,0.0,0.0,0.0,0.0,0.0,0.0,0.0,0.0,0.0,0.0,0.0,0.0,0.0,0.0,0.0,0.0,0.0,0.0
0.0,0.0,0.0,0.0,0.0,0.0,0.0,0.0,0.0,0.0,0.0,0.0,0.0,0.0,0.0,0.0,0.0,0.0,0.0,0.0,0.0,0.0,0.0,0.0,0.0,0.0,0.0,0.0,0.0,0.0,0.0,0.0,0.0,0.0,0.0,0.0,0.0,0.0,0.0,0.0,0.0,0.0,0.0,0.0,0.0,0.0,0.0,0.0,0.0,0.0,0.0,0.0,0.0,0.0,0.0,0.0,0.0,0.0,0.0,0.0,0.0,0.0,0.0,0.0,0.0,0.0,0.0,0.0,0.0,0.0,0.0,0.0,0.0,0.0,0.0,0.0,0.0,0.0,0.0,0.0,0.0,0.0,0.0,0.0,0.0,0.0,0.0,0.0,0.0,0.0,0.0,0.0,0.0,0.0,0.0,0.0,0.0,0.0,0.0,0.9941712994479157
0.0,0.0,0.0,0.0,0.0,0.0,0.0,0.0,0.0,0.0,0.0,0.0,0.0,0.0,0.0,0.0,0.0,0.0,0.0,0.0,0.0,0.0,0.0,0.0,0.0,0.0,0.0,0.0,0.0,0.0,0.0,0.0,0.0,0.0,0.0,0.0,0.0,0.0,0.0,0.0,0.0,0.0,0.0,0.0,0.0,0.0,0.0,0.0,0.0,0.0,0.0,0.0,0.0,0.0,0.0,0.0,0.0,0.0,0.0,0.0,0.0,0.0,0.0,0.0,0.0,0.0,0.0,0.0,0.0,0.0,0.0,0.0,0.0,0.0,0.0,0.0,0.0,0.0,0.0,0.0,0.0,0.0,0.0,0.0,0.0,0.0,0.0,0.0,0.0,0.0,0.0,0.0,0.0,0.0,0.0,0.0,0.0,0.0,0.0,0.0
0.0,0.0,0.0,0.0,0.0,0.0,0.0,0.0,0.0,0.0,0.0,0.0,0.0,0.0,0.0,0.0,0.0,0.0,0.0,0.0,0.0,0.0,0.0,0.0,0.0,0.0,0.0,0.0,0.0,0.0,0.0,0.0,0.0,0.0,0.0,0.0,0.0,0.0,0.0,0.0,0.0,0.0,0.0,0.0,0.0,0.0,0.0,0.0,0.0,0.0,0.0,0.0,0.0,0.0,0.0,0.0,0.0,0.0,0.0,0.0,0.0,0.0,0.0,0.0,0.0,0.0,0.0,0.0,0.0,0.0,0.0,0.0,0.0,0.0,0.0,0.0,0.0,0.0,0.0,0.0,0.0,0.0,0.0,0.0,0.0,0.0,0.0,0.0,0.0,0.0,0.0,0.0,0.0,0.0,0.0,0.0,0.0,0.0,0.0,0.0
0.0,0.0,0.0,0.0,0.0,0.0,0.0,0.0,0.0,0.0,0.0,0.0,0.0,0.0,0.0,0.6341087761128007,0.0,0.0,0.0,0.0,0.0,0.0,0.0,0.0,0.0,0.0,0.0,0.0,0.0,0.0,0.0,0.0,0.0,0.0,0.0,0.0,0.0,0.0,0.0,0.0,0.0,0.0,0.0,0.0,0.0,0.0,0.0,0.0,0.0,0.0,0.0,0.0,0.0,0.0,0.0,0.0,0.0,0.0,0.0,0.0,0.0,0.0,0.0,0.0,0.0,0.0,0.0,0.0,0.0,0.0,0.0,0.0,0.0,0.0,0.0,0.0,0.0,0.0,0.0,0.9927990692065229,0.0,0.0,0.0,0.0,0.0,0.0,0.0,0.0,0.0,0.0,0.0,0.0,0.0,0.0,0.0,0.0,0.0,0.0,0.0,0.0
0.0,0.0,0.0,0.0,0.0,0.0,0.0,0.0,0.0,0.0,0.0,0.0,0.0,0.0,0.0,0.0,0.0,0.0,0.0,0.0,0.0,0.0,0.0,0.0,0.0,0.0,0.0,0.0,0.0,0.0,0.0,0.0,0.0,0.0,0.0,0.0,0.0,0.0,0.0,0.0,0.0,0.0,0.0,0.0,0.0,0.0,0.0,0.0,0.0,0.0,0.0,0.0,0.0,0.0,0.0,0.0,0.0,0.0,0.0,0.0,0.0,0.0,0.0,0.0,0.0,0.0,0.0,0.0,0.0,0.0,0.0,0.0,0.0,0.0,0.0,0.0,0.0,0.0,0.0,0.0,0.0,0.0,0.0,0.0,0.0,0.0,0.0,0.0,0.0,0.0,0.0,0.0,0.0,0.0,0.0,0.0,0.0,0.0,0.0,0.0
0.0,0.0,0.0,0.0,-0.012262868933836907,0.0,0.0,0.0,-0.008170189187015927,0.0,0.0,0.0,0.0,0.0,0.0,0.0,0.9881931532159461,0.0,4.2127004182571287e-05,-0.991990290059654,0.0,0.0,0.0,0.0,2.4724827153501718e-05,0.0,-0.01188535801763984,0.0,0.0,0.0,0.0,0.0,0.0,0.0,-0.0064862839648607215,0.006552044860772451,0.0,0.0,1.9221721726311372e-05,-4.143377630128967e-05,0.0,0.0,0.0,0.0,-0.01228050919314111,0.0,0.0,0.0,0.0,0.0,0.0,0.0,0.0,0.0,-3.7023767521892334e-06,0.0,0.6478600662645843,0.0,0.0,0.0,-0.48191941043785,0.0,0.0,0.0,0.0,3.947808632689537e-05,0.9924292343274306,-0.6263217596521397,-0.489082272823425,0.0,-0.9881116876810577,-0.007728897916801802,0.0,0.012275449660358565,0.0,-4.0000481357374977e-05,0.0,0.0,0.0,0.0,0.0,0.0,-2.278911328671594e-05,0.0,0.0,0.0,0.0,0.0,0.0,0.0,0.0,0.0,0.0,0.0,0.9924183240284961,0.0,0.6085213892194892,-3.3009517072759964e-05,-0.6025487159990477,0.0
0.0,0.0,0.0,0.0,0.0,0.0,0.0,0.0,0.0,0.0,0.0,0.0,0.0,0.0,0.0,0.0,0.0,0.0,0.0,0.0,0.0,0.0,0.0,0.0,0.0,0.0,0.0,0.0,0.0,0.0,0.0,0.0,0.0,0.0,0.0,0.0,0.0,0.0,0.0,0.0,0.0,0.0,0.0,0.0,0.0,0.0,0.0,0.0,0.0,0.0,0.0,0.0,0.0,0.0,0.0,0.0,0.0,0.0,0.0,0.0,0.0,0.0,0.0,0.0,0.0,0.0,0.0,0.0,0.0,0.0,0.0,0.0,0.0,0.0,0.0,0.0,0.0,0.0,0.0,0.0,0.0,0.0,0.0,0.0,0.0,0.0,0.0,0.0,0.0,0.0,0.0,0.0,0.0,0.0,0.0,0.0,0.0,0.0,0.0,0.0
0.0,0.0,0.0,0.0,-3.605251913464084e-05,0.0,0.0,0.0,-2.4224578901650982e-05,0.0,0.0,0.0,0.0,0.0,0.0,0.0,0.5182905979746327,0.0,0.0,-0.6149073209929713,0.0,0.0,0.0,0.0,0.0,0.0,-3.5423172393949786e-05,0.0,0.0,0.0,0.0,0.0,0.0,0.0,-1.902353859629301e-05,1.928088074713775e-05,0.0,0.0,0.0,0.0,0.0,0.0,0.0,0.0,-3.6540772283257444e-05,0.0,0.0,0.0,0.0,0.0,0.0,0.0,0.0,0.0,-1.0748790344697747e-16,0.0,0.012657652085668183,0.0,0.0,0.0,-0.006514806187198435,0.0,0.0,0.0,0.0,0.0,0.6291665992261785,-0.01179399037452523,-0.006593481888136718,0.0,-0.5247755147873789,-2.3014628355406766e-05,0.0,3.688251723245939e-05,0.0,0.0,0.0,0.0,0.0,0.0,0.0,0.0,0.0,0.0,0.0,0.0,0.0,0.0,0.0,0.0,0.0,0.0,0.992858269134224,0.0,0.0,0.0,0.010750403674453596,0.0,-0.01042848758945941,0.0
0.0,0.0,0.0,0.0,0.0,0.0,0.0,0.0,0.0,0.0,0.0,0.0,0.0,0.0,0.0,0.0,0.0,0.0,0.0,0.0,0.0,0.0,0.0,0.0,0.0,0.0,0.0,0.0,0.0,0.0,0.0,0.0,0.0,0.0,0.0,0.0,0.0,0.0,0.0,0.0,0.0,0.0,0.0,0.0,0.0,0.0,0.0,0.0,0.0,0.0,0.0,0.0,0.0,0.0,0.0,0.0,0.0,0.0,0.0,0.0,0.0,0.0,0.0,0.0,0.0,0.0,0.0,0.0,0.0,0.0,0.0,0.0,0.0,0.0,0.0,0.0,0.0,0.0,0.0,0.0,0.0,0.0,0.0,0.0,0.0,0.0,0.0,0.0,0.0,0.0,0.0,0.0,0.0,0.0,0.0,0.0,0.0,0.0,0.0,0.0
0.0,0.0,0.0,0.0,-0.994190741774967,0.0,0.0,0.0,0.0,0.0,0.0,0.0,0.0,0.0,0.0,0.0,0.008215911214115662,0.0,0.0,-0.9940943045152378,0.0,0.0,0.0,0.0,0.0,0.0,0.0,0.0,0.0,0.0,0.0,0.0,0.0,0.0,0.0,0.0,0.0,0.0,0.0,0.0,0.0,0.0,0.0,0.0,0.0,0.0,0.0,0.0,0.0,0.0,0.0,0.0,0.0,0.0,0.0,0.0,4.151086828301064e-05,0.0,0.0,0.0,-2.1409643780561146e-05,0.0,0.0,0.0,-0.02624540039424954,0.0,0.012954730425509868,-3.9247687757278976e-05,-2.141508152369487e-05,0.0,-0.008448948517373978,0.0,0.0,0.0,0.0,0.0,0.0,0.0,0.0,0.0,0.0,0.0,0.0,0.0,0.0,0.0,0.0,0.0,0.0,0.0,0.0,0.0,0.6603970765565579,0.0,0.01263882286900848,0.0,0.0,-0.6630236815841034,-0.6713432582988474,0.0
0.0,0.0,0.0,0.0,0.9924483315463466,0.0,0.0,0.0,0.0,0.0,0.0,0.0,0.0,0.0,0.0,0.0,0.0,0.0,0.0,0.012587128628485237,0.0,0.0,0.0,0.0,0.0,0.0,0.0,0.0,0.0,0.0,0.0,0.0,0.0,0.0,0.0,0.0,0.0,0.0,0.0,0.0,0.0,0.0,0.0,0.0,0.0,0.0,0.0,0.0,0.0,0.0,0.0,0.0,0.0,0.0,0.0,0.0,0.0,0.0,0.0,0.0,0.0,0.0,0.0,0.0,0.9963704780769709,0.0,0.0,0.0,0.0,0.0,0.0,0.0,0.0,0.0,0.0,0.0,0.0,0.0,0.0,0.0,0.0,0.0,0.0,0.0,0.0,0.0,0.0,0.0,0.0,0.0,0.0,0.0,-3.403910941846742e-05,0.0,0.0,0.0,-0.6185858673548215,0.0,3.503736532196374e-05,0.0
0.0,0.0,0.0,0.0,0.013890623165417077,0.0,0.0,0.0,0.0,0.0,0.0,0.0,0.0,0.0,0.0,0.0,-0.006969405439617522,0.0,0.0,0.993130812619056,0.0,0.0,0.0,0.0,0.0,0.0,0.0,0.0,0.0,0.0,0.0,0.0,0.0,0.0,0.0,0.0,0.0,0.0,0.0,0.0,0.0,0.0,0.0,0.0,0.0,0.0,0.0,0.0,0.0,0.0,0.0,0.0,0.0,0.0,0.0,0.0,-3.502502228858819e-05,0.0,0.0,0.0,1.8064447369961953e-05,0.0,0.0,0.0,0.0,0.0,-0.010997384170464983,3.311543962398238e-05,1.806903549658402e-05,0.0,0.00716738680325036,0.0,0.0,0.0,0.0,0.0,0.0,0.0,0.0,0.0,0.0,0.0,0.0,0.0,0.0,0.0,0.0,0.0,0.0,0.0,0.0,0.0,-0.62362735040788,0.0,-0.01072838392910421,0.0,-0.6408788788665153,3.713555347840885e-05,0.0,0.0
0.0,0.0,0.0,0.0,0.0,0.0,0.0,0.0,0.0,0.0,0.0,0.0,0.0,0.0,0.0,0.0,0.0,0.0,0.0,0.0,0.0,0.0,0.0,0.0,0.0,0.0,0.0,0.0,0.0,0.0,0.0,0.0,0.0,0.0,0.0,0.0,0.0,0.0,0.0,0.0,0.0,0.0,0.0,0.0,0.0,0.0,0.0,0.0,0.0,0.0,0.0,0.0,0.0,0.0,0.0,0.0,0.0,0.0,0.0,0.0,0.0,0.0,0.0,0.0,0.0,0.0,0.0,0.0,0.0,0.0,0.0,0.0,0.0,0.0,0.0,0.0,0.0,0.0,0.0,0.0,0.0,0.0,0.0,0.0,0.0,0.0,0.0,0.9929626823840358,0.0,0.0,0.0,0.0,0.0,0.0,0.0,0.0,0.0,0.0,0.0,0.0
